object_id,title,period,type,material,description,dimensions,museum,location,detail_url,image_url,image_path,credit_line,accession_number,crawl_date,standardized_period,standardized_type,standardized_material,culture,data_quality_score,_culture,_findspot,_object_name_detail,_image_valid,is_duplicate,title_original_en,period_original_en,type_original_en,material_original_en,description_original_en,culture_original_en,credit_line_original_en,standardized_period_original_en,standardized_type_original_en,standardized_material_original_en
"1948,0716.30",图/三叉戟/哈尔·吉尔,1801-2000,哈尔·吉尔,,,,British Museum,"London, United Kingdom",https://www.britishmuseum.org/collection/object/A_1948-0716-30,https://media.britishmuseum.org/Repository/Documents/2025_12/28_15/b3d29fd6_54e1_4242_a71d_b3c10100f27c/large_1948_0716_30___2_.jpg,,发现/获得：Tibet,"1948,0716.30",2026-05-27,清朝（1801-2000）,图,未知,Tibetan,0.75,,Found/Acquired: Tibet,figure / trident / 'khar-gsil,,False,figure / trident / 'khar-gsil,1801-2000,'khar-gsil,,,Tibetan,Found/Acquired: Tibet,Qing dynasty (1801-2000),Figure,Unknown
As.3593,算盘,,,,,,British Museum,"London, United Kingdom",https://www.britishmuseum.org/collection/object/A_As-3593,https://media.britishmuseum.org/Repository/Documents/2014_11/8_16/188bde43_4da9_4c3e_869b_a3dd010974f1/large_01381495_001.jpg,,发现/收购：中国,As.3593,2026-05-27,未知,算盘,未知,未知,0.65,,Found/Acquired: China,abacus,,False,abacus,,,,,Unknown,Found/Acquired: China,Unknown,abacus,Unknown
"As,SLMisc.594",算盘,,,,,,British Museum,"London, United Kingdom",https://www.britishmuseum.org/collection/object/A_As-SLMisc-594,https://media.britishmuseum.org/Repository/Documents/2014_11/8_16/89558d3e_8ff0_4d9e_a70d_a3dd0109768d/large_01381496_001.jpg,,发现/收购：中国,"As,SLMisc.594",2026-05-27,未知,算盘,未知,未知,0.65,,Found/Acquired: China,abacus,,False,abacus,,,,,Unknown,Found/Acquired: China,Unknown,abacus,Unknown
OA+.6644,算盘,1644-1911,,,,,British Museum,"London, United Kingdom",https://www.britishmuseum.org/collection/object/A_OA-6644,https://media.britishmuseum.org/Repository/Documents/2025_3/14_12/761b00a2_b4ef_4cbd_b985_b2a000ca5b34/large_RRC3401.jpg,,,OA+.6644,2026-05-27,清朝（1644-1911）,算盘,未知,未知,0.75,,,abacus,,False,abacus,1644-1911,,,,Unknown,,Qing dynasty (1644-1911),abacus,Unknown
"2019,4106.1",算盘,,,,,,British Museum,"London, United Kingdom",https://www.britishmuseum.org/collection/object/C_2019-4106-1,,,发现/收购：中国,"2019,4106.1",2026-05-27,未知,算盘,未知,未知,0.65,,Found/Acquired: China,abacus,False,False,abacus,,,,,Unknown,Found/Acquired: China,Unknown,abacus,Unknown
"As,SLMisc.552.b",秤箱/算盘,,算盘,,,,British Museum,"London, United Kingdom",https://www.britishmuseum.org/collection/object/A_As-SLMisc-552-b,https://media.britishmuseum.org/Repository/Documents/2014_11/8_16/e13b41bb_80fe_4dc1_9be4_a3dd010a5537/large_01381985_001.jpg,,发现/收购：中国,"As,SLMisc.552.b",2026-05-27,未知,秤箱/算盘,未知,未知,0.65,,Found/Acquired: China,steelyard-case / abacus,,False,steelyard-case / abacus,,abacus,,,Unknown,Found/Acquired: China,Unknown,steelyard-case / abacus,Unknown
"2001,0618.1",算盘,1975,,,,,British Museum,"London, United Kingdom",https://www.britishmuseum.org/collection/object/A_2001-0618-1,,,发现/收购：香港,"2001,0618.1",2026-05-27,1975,算盘,未知,未知,0.75,,Found/Acquired: Hong Kong,abacus,False,False,abacus,1975,,,,Unknown,Found/Acquired: Hong Kong,1975,abacus,Unknown
"1909,0611.1",算盘,1522-1566,,,,,British Museum,"London, United Kingdom",https://www.britishmuseum.org/collection/object/A_1909-0611-1,https://media.britishmuseum.org/Repository/Documents/2014_10/4_21/92f5acb3_23fb_48f7_b417_a3ba0162a371/large_00264386_001.jpg,,发现/收购：中国,"1909,0611.1",2026-05-27,明朝（1522-1566）,算盘,未知,未知,0.75,,Found/Acquired: China,abacus,,False,abacus,1522-1566,,,,Unknown,Found/Acquired: China,Ming dynasty (1522-1566),abacus,Unknown
"1907,1105.2",山花饰,1368-1644,,,,,British Museum,"London, United Kingdom",https://www.britishmuseum.org/collection/object/A_1907-1105-2,https://media.britishmuseum.org/Repository/Documents/2025_6/23_9/5953bf26_fe35_4205_945a_b305009cd3b9/large_RRC5224.jpg,,发现/收购：中国,"1907,1105.2",2026-05-27,明朝（1368-1644）,山花饰,未知,未知,0.75,,Found/Acquired: China,acroterion,,False,acroterion,1368-1644,,,,Unknown,Found/Acquired: China,Ming dynasty (1368-1644),acroterion,Unknown
OA+.152,山花饰,1368-1644,,,,,British Museum,"London, United Kingdom",https://www.britishmuseum.org/collection/object/A_OA-152,https://media.britishmuseum.org/Repository/Documents/2025_6/23_9/a6ff18fd_f3d8_4e45_aa6e_b305009cce15/large_RRC2762.jpg,,发现/收购：金山寺,OA+.152,2026-05-27,明朝（1368-1644）,山花饰,未知,未知,0.75,,Found/Acquired: Chin Shan temple,acroterion,,False,acroterion,1368-1644,,,,Unknown,Found/Acquired: Chin Shan temple,Ming dynasty (1368-1644),acroterion,Unknown
"1938,0524.6",山花饰,1368-1644,,,,,British Museum,"London, United Kingdom",https://www.britishmuseum.org/collection/object/A_1938-0524-6,https://media.britishmuseum.org/Repository/Documents/2014_9/29_19/3daddab6_e6a3_4d4e_a6cd_a3b50142a7e6/large_00160090_001.jpg,,发现/收购：永和,"1938,0524.6",2026-05-27,明朝（1368-1644）,山花饰,未知,未知,0.75,,Found/Acquired: Yonghe,acroterion,,False,acroterion,1368-1644,,,,Unknown,Found/Acquired: Yonghe,Ming dynasty (1368-1644),acroterion,Unknown
MAS.1073,山花饰,8日-10日,,,,,British Museum,"London, United Kingdom",https://www.britishmuseum.org/collection/object/A_MAS-1073,https://media.britishmuseum.org/Repository/Documents/2014_11/4_16/2acb8627_cd62_4eea_b263_a3d9010d5ef9/large_01172915_001.jpg,,挖掘/发现地点：Ming-oi,MAS.1073,2026-05-27,8日-10日,山花饰,未知,未知,0.75,,Excavated/Findspot: Ming-oi,acroterion,,False,acroterion,8thC-10thC,,,,Unknown,Excavated/Findspot: Ming-oi,8thC-10thC,acroterion,Unknown
OA+.151,山花饰,1350-1430,,,,,British Museum,"London, United Kingdom",https://www.britishmuseum.org/collection/object/A_OA-151,https://media.britishmuseum.org/Repository/Documents/2014_11/10_18/c20cdec5_950f_4f06_9734_a3df01318d73/large_01536246_001.jpg,,发现/收购：中国,OA+.151,2026-05-27,元朝（1350-1430）,山花饰,未知,未知,0.75,,Found/Acquired: China,acroterion,,False,acroterion,1350-1430,,,,Unknown,Found/Acquired: China,Yuan dynasty (1350-1430),acroterion,Unknown
"2014,4004.11",入场券/纪念品,1982,纪念品,,,,British Museum,"London, United Kingdom",https://www.britishmuseum.org/collection/object/C_2014-4004-11,https://media.britishmuseum.org/Repository/Documents/2014_11/10_7/1517b7a1_3b5d_4abd_9541_a3df007fcc54/large_01494035_001.jpg,,,"2014,4004.11",2026-05-27,1982,入场券/纪念品,未知,未知,0.75,,,admission-ticket / souvenir,,False,admission-ticket / souvenir,1982,souvenir,,,Unknown,,1982,admission-ticket / souvenir,Unknown
"2014,4004.12",入场券/纪念品,1982,纪念品,,,,British Museum,"London, United Kingdom",https://www.britishmuseum.org/collection/object/C_2014-4004-12,https://media.britishmuseum.org/Repository/Documents/2014_11/10_7/a999a0b9_7dc1_4efd_b1ce_a3df007fcd6d/large_01494036_001.jpg,,,"2014,4004.12",2026-05-27,1982,入场券/纪念品,未知,未知,0.75,,,admission-ticket / souvenir,,False,admission-ticket / souvenir,1982,souvenir,,,Unknown,,1982,admission-ticket / souvenir,Unknown
"2005,0414.1",入场券,2005,,,,,British Museum,"London, United Kingdom",https://www.britishmuseum.org/collection/object/C_2005-0414-1,,,,"2005,0414.1",2026-05-27,2005,入场券,未知,未知,0.75,,,admission-ticket,False,False,admission-ticket,2005,,,,Unknown,,2005,admission-ticket,Unknown
"2014,4004.10",入场券/纪念品,1982,纪念品,,,,British Museum,"London, United Kingdom",https://www.britishmuseum.org/collection/object/C_2014-4004-10,,,,"2014,4004.10",2026-05-27,1982,入场券/纪念品,未知,未知,0.75,,,admission-ticket / souvenir,False,False,admission-ticket / souvenir,1982,souvenir,,,Unknown,,1982,admission-ticket / souvenir,Unknown
"2014,4004.9",入场券/纪念品,1982,纪念品,,,,British Museum,"London, United Kingdom",https://www.britishmuseum.org/collection/object/C_2014-4004-9,https://media.britishmuseum.org/Repository/Documents/2014_11/10_7/883e5063_fe30_4d91_bbc3_a3df007fc9bc/01494033_001.jpg,,,"2014,4004.9",2026-05-27,1982,入场券/纪念品,未知,未知,0.75,,,admission-ticket / souvenir,,False,admission-ticket / souvenir,1982,souvenir,,,Unknown,,1982,admission-ticket / souvenir,Unknown
"2015,4055.1",入场券,1980-1990,,,,,British Museum,"London, United Kingdom",https://www.britishmuseum.org/collection/object/C_2015-4055-1,,,发现/收购：北京（市）,"2015,4055.1",2026-05-27,清朝（1980-1990）,入场券,未知,未知,0.75,,Found/Acquired: Beijing (city),admission-ticket,False,False,admission-ticket,1980-1990,,,,Unknown,Found/Acquired: Beijing (city),Qing dynasty (1980-1990),admission-ticket,Unknown
"2014,4034.8",纪念品/入场券,1980s,入场券,,,,British Museum,"London, United Kingdom",https://www.britishmuseum.org/collection/object/C_2014-4034-8,https://media.britishmuseum.org/Repository/Documents/2014_11/10_19/d9be790b_940a_4cb8_afac_a3df013cfc26/large_01540203_001.jpg,,发现/收购：中国,"2014,4034.8",2026-05-27,1980s,纪念品/入场券,未知,未知,0.75,,Found/Acquired: China,souvenir / admission-ticket,,False,souvenir / admission-ticket,1980s,admission-ticket,,,Unknown,Found/Acquired: China,1980s,souvenir / admission-ticket,Unknown
"2015,4094.1",入场券,1999,,,,,British Museum,"London, United Kingdom",https://www.britishmuseum.org/collection/object/C_2015-4094-1,,,发现/收购：北京（市）,"2015,4094.1",2026-05-27,1999,入场券,未知,未知,0.75,,Found/Acquired: Beijing (city),admission-ticket,False,False,admission-ticket,1999,,,,Unknown,Found/Acquired: Beijing (city),1999,admission-ticket,Unknown
"2009,4182.4",入场券,1991,,,,,British Museum,"London, United Kingdom",https://www.britishmuseum.org/collection/object/C_2009-4182-4,,,,"2009,4182.4",2026-05-27,1991,入场券,未知,未知,0.75,,,admission-ticket,False,False,admission-ticket,1991,,,,Unknown,,1991,admission-ticket,Unknown
"2015,4094.2",入场券,1999,,,,,British Museum,"London, United Kingdom",https://www.britishmuseum.org/collection/object/C_2015-4094-2,,,发现/收购：北京（市）,"2015,4094.2",2026-05-27,1999,入场券,未知,未知,0.75,,Found/Acquired: Beijing (city),admission-ticket,False,False,admission-ticket,1999,,,,Unknown,Found/Acquired: Beijing (city),1999,admission-ticket,Unknown
"1993,0813,0.1",日历/新年印刷/广告,1930,广告,,,,British Museum,"London, United Kingdom",https://www.britishmuseum.org/collection/object/A_1993-0813-0-1,https://media.britishmuseum.org/Repository/Documents/2014_10/4_18/c610b492_8806_4fe5_a6d4_a3ba012a9592/large_00248024_001.jpg,,发现/收购：中国,"1993,0813,0.1",2026-05-27,1930,打印,未知,未知,0.75,,Found/Acquired: China,calendar / new year-print / advertisement,,False,calendar / new year-print / advertisement,1930,advertisement,,,Unknown,Found/Acquired: China,1930,Print,Unknown
"1991,0219,0.11.1-3",新年印刷/书法/广告,1980-1989,广告,,,,British Museum,"London, United Kingdom",https://www.britishmuseum.org/collection/object/A_1991-0219-0-11-1-3,,,发现/收购：中国,"1991,0219,0.11.1-3",2026-05-27,清朝（1980-1989）,打印,未知,未知,0.75,,Found/Acquired: China,new year-print / calligraphy / advertisement,False,False,new year-print / calligraphy / advertisement,1980-1989,advertisement,,,Unknown,Found/Acquired: China,Qing dynasty (1980-1989),Print,Unknown
"1986,0319,0.44",装饰纸/广告,,广告,,,,British Museum,"London, United Kingdom",https://www.britishmuseum.org/collection/object/A_1986-0319-0-44,,,发现/收购：中国,"1986,0319,0.44",2026-05-27,未知,装饰纸/广告,未知,未知,0.65,,Found/Acquired: China,decorated paper / advertisement,False,False,decorated paper / advertisement,,advertisement,,,Unknown,Found/Acquired: China,Unknown,decorated paper / advertisement,Unknown
"As1906,1226.29",锛子,,,,,,British Museum,"London, United Kingdom",https://www.britishmuseum.org/collection/object/A_As1906-1226-29,,,发现/获得：Tibet,"As1906,1226.29",2026-05-27,未知,锛子,未知,Tibetan,0.65,,Found/Acquired: Tibet,adze,False,False,adze,,,,,Tibetan,Found/Acquired: Tibet,Unknown,adze,Unknown
"1979,1012.4",锛子,,,,,,British Museum,"London, United Kingdom",https://www.britishmuseum.org/collection/object/A_1979-1012-4,,,发现/收购：Swabue,"1979,1012.4",2026-05-27,未知,锛子,未知,未知,0.65,,Found/Acquired: Swabue,adze,False,False,adze,,,,,Unknown,Found/Acquired: Swabue,Unknown,adze,Unknown
"1979,1012.1",锛子,,,,,,British Museum,"London, United Kingdom",https://www.britishmuseum.org/collection/object/A_1979-1012-1,,,发现/收购：Swabue,"1979,1012.1",2026-05-27,未知,锛子,未知,未知,0.65,,Found/Acquired: Swabue,adze,False,False,adze,,,,,Unknown,Found/Acquired: Swabue,Unknown,adze,Unknown
"1979,1012.39",锛子,,,,,,British Museum,"London, United Kingdom",https://www.britishmuseum.org/collection/object/A_1979-1012-39,,,发现/收购：Swabue,"1979,1012.39",2026-05-27,未知,锛子,未知,未知,0.65,,Found/Acquired: Swabue,adze,False,False,adze,,,,,Unknown,Found/Acquired: Swabue,Unknown,adze,Unknown
"1979,1012.28",锛子,,,,,,British Museum,"London, United Kingdom",https://www.britishmuseum.org/collection/object/A_1979-1012-28,,,发现/收购：Swabue,"1979,1012.28",2026-05-27,未知,锛子,未知,未知,0.65,,Found/Acquired: Swabue,adze,False,False,adze,,,,,Unknown,Found/Acquired: Swabue,Unknown,adze,Unknown
"1979,1012.5",锛子,,,,,,British Museum,"London, United Kingdom",https://www.britishmuseum.org/collection/object/A_1979-1012-5,,,发现/收购：Swabue,"1979,1012.5",2026-05-27,未知,锛子,未知,未知,0.65,,Found/Acquired: Swabue,adze,False,False,adze,,,,,Unknown,Found/Acquired: Swabue,Unknown,adze,Unknown
"1979,1012.9",锛子,,,,,,British Museum,"London, United Kingdom",https://www.britishmuseum.org/collection/object/A_1979-1012-9,,,发现/收购：Swabue,"1979,1012.9",2026-05-27,未知,锛子,未知,未知,0.65,,Found/Acquired: Swabue,adze,False,False,adze,,,,,Unknown,Found/Acquired: Swabue,Unknown,adze,Unknown
"1979,1012.23",锛子,,,,,,British Museum,"London, United Kingdom",https://www.britishmuseum.org/collection/object/A_1979-1012-23,,,发现/收购：Swabue,"1979,1012.23",2026-05-27,未知,锛子,未知,未知,0.65,,Found/Acquired: Swabue,adze,False,False,adze,,,,,Unknown,Found/Acquired: Swabue,Unknown,adze,Unknown
"1979,1012.7",锛子,,,,,,British Museum,"London, United Kingdom",https://www.britishmuseum.org/collection/object/A_1979-1012-7,,,发现/收购：Swabue,"1979,1012.7",2026-05-27,未知,锛子,未知,未知,0.65,,Found/Acquired: Swabue,adze,False,False,adze,,,,,Unknown,Found/Acquired: Swabue,Unknown,adze,Unknown
"1979,1012.14",锛子,,,,,,British Museum,"London, United Kingdom",https://www.britishmuseum.org/collection/object/A_1979-1012-14,,,发现/收购：Swabue,"1979,1012.14",2026-05-27,未知,锛子,未知,未知,0.65,,Found/Acquired: Swabue,adze,False,False,adze,,,,,Unknown,Found/Acquired: Swabue,Unknown,adze,Unknown
"1979,1012.27",锛子,,,,,,British Museum,"London, United Kingdom",https://www.britishmuseum.org/collection/object/A_1979-1012-27,,,发现/收购：Swabue,"1979,1012.27",2026-05-27,未知,锛子,未知,未知,0.65,,Found/Acquired: Swabue,adze,False,False,adze,,,,,Unknown,Found/Acquired: Swabue,Unknown,adze,Unknown
"1959,0216.15",锛子,公元前5000年至3000年,,,,,British Museum,"London, United Kingdom",https://www.britishmuseum.org/collection/object/A_1959-0216-15,https://media.britishmuseum.org/Repository/Documents/2014_10/3_7/7c5cd94a_0045_4720_9463_a3b90081f607/large_00351902_001.jpg,,发现/收购：布照海,"1959,0216.15",2026-05-27,公元前5000年至3000年,锛子,未知,未知,0.75,,Found/Acquired: Buzhaohai,adze,,False,adze,5000BC-3000BC,,,,Unknown,Found/Acquired: Buzhaohai,5000BC-3000BC,adze,Unknown
As.7097,工具/工具/adze,,锛子,,,,British Museum,"London, United Kingdom",https://www.britishmuseum.org/collection/object/A_As-7097,https://media.britishmuseum.org/Repository/Documents/2024_6/16_5/78571344_a0c8_4714_9ebc_b191005d7b68/large_IMG_1286.jpg,,发现/收购：云南（省）,As.7097,2026-05-27,未知,工具/工具/adze,未知,未知,0.65,,Found/Acquired: Yunnan (province),tool/implement / adze,,False,tool/implement / adze,,adze,,,Unknown,Found/Acquired: Yunnan (province),Unknown,tool/implement / adze,Unknown
OA+.3873,锛子,,,,,,British Museum,"London, United Kingdom",https://www.britishmuseum.org/collection/object/A_OA-3873,,,发现/收购：云南（省）,OA+.3873,2026-05-27,未知,锛子,未知,未知,0.65,,Found/Acquired: Yunnan (province),adze,False,False,adze,,,,,Unknown,Found/Acquired: Yunnan (province),Unknown,adze,Unknown
"1979,1012.8",锛子,,,,,,British Museum,"London, United Kingdom",https://www.britishmuseum.org/collection/object/A_1979-1012-8,,,发现/收购：Swabue,"1979,1012.8",2026-05-27,未知,锛子,未知,未知,0.65,,Found/Acquired: Swabue,adze,False,False,adze,,,,,Unknown,Found/Acquired: Swabue,Unknown,adze,Unknown
OA+.3874,锛子,,,,,,British Museum,"London, United Kingdom",https://www.britishmuseum.org/collection/object/A_OA-3874,,,发现/收购：云南（省）,OA+.3874,2026-05-27,未知,锛子,未知,未知,0.65,,Found/Acquired: Yunnan (province),adze,False,False,adze,,,,,Unknown,Found/Acquired: Yunnan (province),Unknown,adze,Unknown
As.7104,锛子,,,,,,British Museum,"London, United Kingdom",https://www.britishmuseum.org/collection/object/A_As-7104,https://media.britishmuseum.org/Repository/Documents/2024_6/17_17/9290e6ef_7c37_43e8_8344_b19201211738/large_IMG_1447.jpg,,发现/收购：腾冲,As.7104,2026-05-27,未知,锛子,未知,未知,0.65,,Found/Acquired: Tengchong,adze,,False,adze,,,,,Unknown,Found/Acquired: Tengchong,Unknown,adze,Unknown
OA+.3872,锛子,,,,,,British Museum,"London, United Kingdom",https://www.britishmuseum.org/collection/object/A_OA-3872,,,发现/收购：云南（省）,OA+.3872,2026-05-27,未知,锛子,未知,未知,0.65,,Found/Acquired: Yunnan (province),adze,False,False,adze,,,,,Unknown,Found/Acquired: Yunnan (province),Unknown,adze,Unknown
OA+.3880,锛子,,,,,,British Museum,"London, United Kingdom",https://www.britishmuseum.org/collection/object/A_OA-3880,https://media.britishmuseum.org/Repository/Documents/2025_12/31_13/1049865c_e886_448c_b5db_b3c400da48c5/large_As_7102_1.jpg,,发现/收购：云南（省）,OA+.3880,2026-05-27,未知,锛子,未知,未知,0.65,,Found/Acquired: Yunnan (province),adze,,False,adze,,,,,Unknown,Found/Acquired: Yunnan (province),Unknown,adze,Unknown
As.7093,锛子,,,,,,British Museum,"London, United Kingdom",https://www.britishmuseum.org/collection/object/A_As-7093,https://media.britishmuseum.org/Repository/Documents/2024_6/16_5/c015c40b_ec43_4073_9021_b1910060ae79/large_IMG_1289.jpg,,发现/收购：云南（省）,As.7093,2026-05-27,未知,锛子,未知,未知,0.65,,Found/Acquired: Yunnan (province),adze,,False,adze,,,,,Unknown,Found/Acquired: Yunnan (province),Unknown,adze,Unknown
OA+.3878,锛子,,,,,,British Museum,"London, United Kingdom",https://www.britishmuseum.org/collection/object/A_OA-3878,https://media.britishmuseum.org/Repository/Documents/2024_6/16_5/f02c165a_718e_4c7c_a17f_b191005fafa5/large_IMG_1288.jpg,,发现/收购：云南（省）,OA+.3878,2026-05-27,未知,锛子,未知,未知,0.65,,Found/Acquired: Yunnan (province),adze,,False,adze,,,,,Unknown,Found/Acquired: Yunnan (province),Unknown,adze,Unknown
"1979,1012.24",锛子,,,,,,British Museum,"London, United Kingdom",https://www.britishmuseum.org/collection/object/A_1979-1012-24,,,发现/收购：Swabue,"1979,1012.24",2026-05-27,未知,锛子,未知,未知,0.65,,Found/Acquired: Swabue,adze,False,False,adze,,,,,Unknown,Found/Acquired: Swabue,Unknown,adze,Unknown
"1979,1012.18",锛子,,,,,,British Museum,"London, United Kingdom",https://www.britishmuseum.org/collection/object/A_1979-1012-18,,,发现/收购：Swabue,"1979,1012.18",2026-05-27,未知,锛子,未知,未知,0.65,,Found/Acquired: Swabue,adze,False,False,adze,,,,,Unknown,Found/Acquired: Swabue,Unknown,adze,Unknown
"1979,1012.19",锛子,,,,,,British Museum,"London, United Kingdom",https://www.britishmuseum.org/collection/object/A_1979-1012-19,,,发现/收购：Swabue,"1979,1012.19",2026-05-27,未知,锛子,未知,未知,0.65,,Found/Acquired: Swabue,adze,False,False,adze,,,,,Unknown,Found/Acquired: Swabue,Unknown,adze,Unknown
"1979,1012.20",锛子,,,,,,British Museum,"London, United Kingdom",https://www.britishmuseum.org/collection/object/A_1979-1012-20,,,发现/收购：Swabue,"1979,1012.20",2026-05-27,未知,锛子,未知,未知,0.65,,Found/Acquired: Swabue,adze,False,False,adze,,,,,Unknown,Found/Acquired: Swabue,Unknown,adze,Unknown
"1959,0216.16",锛子,公元前5000年至3000年,,,,,British Museum,"London, United Kingdom",https://www.britishmuseum.org/collection/object/A_1959-0216-16,https://media.britishmuseum.org/Repository/Documents/2014_11/1_3/b3db1707_8c8a_4165_92db_a3d600330396/large_01048677_001.jpg,,发现/收购：布照海,"1959,0216.16",2026-05-27,公元前5000年至3000年,锛子,未知,未知,0.75,,Found/Acquired: Buzhaohai,adze,,False,adze,5000BC-3000BC,,,,Unknown,Found/Acquired: Buzhaohai,5000BC-3000BC,adze,Unknown
"1979,1012.6",锛子,,,,,,British Museum,"London, United Kingdom",https://www.britishmuseum.org/collection/object/A_1979-1012-6,,,发现/收购：Swabue,"1979,1012.6",2026-05-27,未知,锛子,未知,未知,0.65,,Found/Acquired: Swabue,adze,False,False,adze,,,,,Unknown,Found/Acquired: Swabue,Unknown,adze,Unknown
"1979,1012.36",锛子,,,,,,British Museum,"London, United Kingdom",https://www.britishmuseum.org/collection/object/A_1979-1012-36,,,发现/收购：Swabue,"1979,1012.36",2026-05-27,未知,锛子,未知,未知,0.65,,Found/Acquired: Swabue,adze,False,False,adze,,,,,Unknown,Found/Acquired: Swabue,Unknown,adze,Unknown
"1979,1012.32",锛子,,,,,,British Museum,"London, United Kingdom",https://www.britishmuseum.org/collection/object/A_1979-1012-32,,,发现/收购：Swabue,"1979,1012.32",2026-05-27,未知,锛子,未知,未知,0.65,,Found/Acquired: Swabue,adze,False,False,adze,,,,,Unknown,Found/Acquired: Swabue,Unknown,adze,Unknown
"1979,1012.2",锛子,,,,,,British Museum,"London, United Kingdom",https://www.britishmuseum.org/collection/object/A_1979-1012-2,,,发现/收购：Swabue,"1979,1012.2",2026-05-27,未知,锛子,未知,未知,0.65,,Found/Acquired: Swabue,adze,False,False,adze,,,,,Unknown,Found/Acquired: Swabue,Unknown,adze,Unknown
"1950,0405.18",锛子,第一不列颠哥伦比亚省,,,,,British Museum,"London, United Kingdom",https://www.britishmuseum.org/collection/object/A_1950-0405-18,https://media.britishmuseum.org/Repository/Documents/2024_1/31_19/fc56f0f2_4c5a_4900_af3a_b10801498c84/large_1950_0405_18.jpg,,发现/收购：梁王山,"1950,0405.18",2026-05-27,第一不列颠哥伦比亚省,锛子,未知,未知,0.75,,Found/Acquired: Liangwang Shan,adze,,False,adze,1stC BC,,,,Unknown,Found/Acquired: Liangwang Shan,1stC BC,adze,Unknown
"1979,1012.3",锛子,,,,,,British Museum,"London, United Kingdom",https://www.britishmuseum.org/collection/object/A_1979-1012-3,,,发现/收购：Swabue,"1979,1012.3",2026-05-27,未知,锛子,未知,未知,0.65,,Found/Acquired: Swabue,adze,False,False,adze,,,,,Unknown,Found/Acquired: Swabue,Unknown,adze,Unknown
"1979,1012.33",锛子,,,,,,British Museum,"London, United Kingdom",https://www.britishmuseum.org/collection/object/A_1979-1012-33,,,发现/收购：Swabue,"1979,1012.33",2026-05-27,未知,锛子,未知,未知,0.65,,Found/Acquired: Swabue,adze,False,False,adze,,,,,Unknown,Found/Acquired: Swabue,Unknown,adze,Unknown
"1979,1012.11",锛子,,,,,,British Museum,"London, United Kingdom",https://www.britishmuseum.org/collection/object/A_1979-1012-11,,,发现/收购：Swabue,"1979,1012.11",2026-05-27,未知,锛子,未知,未知,0.65,,Found/Acquired: Swabue,adze,False,False,adze,,,,,Unknown,Found/Acquired: Swabue,Unknown,adze,Unknown
"1979,1012.12",锛子,,,,,,British Museum,"London, United Kingdom",https://www.britishmuseum.org/collection/object/A_1979-1012-12,,,发现/收购：Swabue,"1979,1012.12",2026-05-27,未知,锛子,未知,未知,0.65,,Found/Acquired: Swabue,adze,False,False,adze,,,,,Unknown,Found/Acquired: Swabue,Unknown,adze,Unknown
"1979,1012.13",锛子,,,,,,British Museum,"London, United Kingdom",https://www.britishmuseum.org/collection/object/A_1979-1012-13,,,发现/收购：Swabue,"1979,1012.13",2026-05-27,未知,锛子,未知,未知,0.65,,Found/Acquired: Swabue,adze,False,False,adze,,,,,Unknown,Found/Acquired: Swabue,Unknown,adze,Unknown
"1979,1012.26",锛子,,,,,,British Museum,"London, United Kingdom",https://www.britishmuseum.org/collection/object/A_1979-1012-26,,,发现/收购：Swabue,"1979,1012.26",2026-05-27,未知,锛子,未知,未知,0.65,,Found/Acquired: Swabue,adze,False,False,adze,,,,,Unknown,Found/Acquired: Swabue,Unknown,adze,Unknown
"2018,6015.6",锛子,2010,,,,,British Museum,"London, United Kingdom",https://www.britishmuseum.org/collection/object/W_2018-6015-6,,,发现/收购：Rifai,"2018,6015.6",2026-05-27,2010,锛子,未知,未知,0.75,,Found/Acquired: Rifai,adze,False,False,adze,2010,,,,Unknown,Found/Acquired: Rifai,2010,adze,Unknown
"As1925,0615.1",锛子,,,,,,British Museum,"London, United Kingdom",https://www.britishmuseum.org/collection/object/A_As1925-0615-1,https://media.britishmuseum.org/Repository/Documents/2014_11/8_16/3929afd6_2918_4ce8_9cd9_a3dd010bd77b/large_01382425_001.jpg,,发现/收购：中国,"As1925,0615.1",2026-05-27,未知,锛子,未知,未知,0.65,,Found/Acquired: China,adze,,False,adze,,,,,Unknown,Found/Acquired: China,Unknown,adze,Unknown
"1979,1012.10",锛子,,,,,,British Museum,"London, United Kingdom",https://www.britishmuseum.org/collection/object/A_1979-1012-10,,,发现/收购：Swabue,"1979,1012.10",2026-05-27,未知,锛子,未知,未知,0.65,,Found/Acquired: Swabue,adze,False,False,adze,,,,,Unknown,Found/Acquired: Swabue,Unknown,adze,Unknown
As.7098,锛子,,,,,,British Museum,"London, United Kingdom",https://www.britishmuseum.org/collection/object/A_As-7098,https://media.britishmuseum.org/Repository/Documents/2024_6/17_17/d1f32b49_72a9_43f9_998f_b19201209d48/large_IMG_1451.jpg,,发现/收购：云南（省）,As.7098,2026-05-27,未知,锛子,未知,未知,0.65,,Found/Acquired: Yunnan (province),adze,,False,adze,,,,,Unknown,Found/Acquired: Yunnan (province),Unknown,adze,Unknown
OA+.3875,锛子,,,,,,British Museum,"London, United Kingdom",https://www.britishmuseum.org/collection/object/A_OA-3875,,,发现/收购：云南（省）,OA+.3875,2026-05-27,未知,锛子,未知,未知,0.65,,Found/Acquired: Yunnan (province),adze,False,False,adze,,,,,Unknown,Found/Acquired: Yunnan (province),Unknown,adze,Unknown
OA+.3881,锛子,,,,,,British Museum,"London, United Kingdom",https://www.britishmuseum.org/collection/object/A_OA-3881,https://media.britishmuseum.org/Repository/Documents/2024_6/16_5/807c15b4_db39_46a3_86f1_b1910057458a/large_IMG_1281.jpg,,发现/收购：云南（省）,OA+.3881,2026-05-27,未知,锛子,未知,未知,0.65,,Found/Acquired: Yunnan (province),adze,,False,adze,,,,,Unknown,Found/Acquired: Yunnan (province),Unknown,adze,Unknown
As.7094,adze/斧头,,斧头,,,,British Museum,"London, United Kingdom",https://www.britishmuseum.org/collection/object/A_As-7094,https://media.britishmuseum.org/Repository/Documents/2024_6/16_6/1b2966c8_b788_48cf_a671_b191006578c6/large_IMG_1302.jpg,,发现/收购：腾冲,As.7094,2026-05-27,未知,adze/斧头,未知,未知,0.65,,Found/Acquired: Tengchong,adze / axe,,False,adze / axe,,axe,,,Unknown,Found/Acquired: Tengchong,Unknown,adze / axe,Unknown
OA+.3879,锛子,,,,,,British Museum,"London, United Kingdom",https://www.britishmuseum.org/collection/object/A_OA-3879,https://media.britishmuseum.org/Repository/Documents/2024_6/16_5/24848104_2e52_4226_8a21_b191005511f9/large_IMG_1270.jpg,,发现/收购：云南（省）,OA+.3879,2026-05-27,未知,锛子,未知,未知,0.65,,Found/Acquired: Yunnan (province),adze,,False,adze,,,,,Unknown,Found/Acquired: Yunnan (province),Unknown,adze,Unknown
As.7095,锛子,,,,,,British Museum,"London, United Kingdom",https://www.britishmuseum.org/collection/object/A_As-7095,https://media.britishmuseum.org/Repository/Documents/2024_6/16_5/0a8d5f43_b5d0_4a35_8e7c_b1910062393e/large_IMG_1291.jpg,,发现/收购：云南（省）,As.7095,2026-05-27,未知,锛子,未知,未知,0.65,,Found/Acquired: Yunnan (province),adze,,False,adze,,,,,Unknown,Found/Acquired: Yunnan (province),Unknown,adze,Unknown
"1979,1012.21",锛子,,,,,,British Museum,"London, United Kingdom",https://www.britishmuseum.org/collection/object/A_1979-1012-21,,,发现/收购：Swabue,"1979,1012.21",2026-05-27,未知,锛子,未知,未知,0.65,,Found/Acquired: Swabue,adze,False,False,adze,,,,,Unknown,Found/Acquired: Swabue,Unknown,adze,Unknown
"1979,1012.15",锛子,,,,,,British Museum,"London, United Kingdom",https://www.britishmuseum.org/collection/object/A_1979-1012-15,,,发现/收购：Swabue,"1979,1012.15",2026-05-27,未知,锛子,未知,未知,0.65,,Found/Acquired: Swabue,adze,False,False,adze,,,,,Unknown,Found/Acquired: Swabue,Unknown,adze,Unknown
"1979,1012.34",锛子,,,,,,British Museum,"London, United Kingdom",https://www.britishmuseum.org/collection/object/A_1979-1012-34,,,发现/收购：Swabue,"1979,1012.34",2026-05-27,未知,锛子,未知,未知,0.65,,Found/Acquired: Swabue,adze,False,False,adze,,,,,Unknown,Found/Acquired: Swabue,Unknown,adze,Unknown
"1963,1014.6",锛子,,,,,,British Museum,"London, United Kingdom",https://www.britishmuseum.org/collection/object/A_1963-1014-6,,,发现/收购：台湾,"1963,1014.6",2026-05-27,未知,锛子,未知,未知,0.65,,Found/Acquired: Tai Wan,adze,False,False,adze,,,,,Unknown,Found/Acquired: Tai Wan,Unknown,adze,Unknown
"1979,1012.22",锛子,,,,,,British Museum,"London, United Kingdom",https://www.britishmuseum.org/collection/object/A_1979-1012-22,,,发现/收购：Swabue,"1979,1012.22",2026-05-27,未知,锛子,未知,未知,0.65,,Found/Acquired: Swabue,adze,False,False,adze,,,,,Unknown,Found/Acquired: Swabue,Unknown,adze,Unknown
As.7099,锛子,,,,,,British Museum,"London, United Kingdom",https://www.britishmuseum.org/collection/object/A_As-7099,https://media.britishmuseum.org/Repository/Documents/2025_12/31_13/3a9bac7e_4a8b_477d_ba54_b3c400d99a90/large_As_7099_1.jpg,,发现/收购：云南（省）,As.7099,2026-05-27,未知,锛子,未知,未知,0.65,,Found/Acquired: Yunnan (province),adze,,False,adze,,,,,Unknown,Found/Acquired: Yunnan (province),Unknown,adze,Unknown
"1979,1012.16",锛子,,,,,,British Museum,"London, United Kingdom",https://www.britishmuseum.org/collection/object/A_1979-1012-16,,,发现/收购：Swabue,"1979,1012.16",2026-05-27,未知,锛子,未知,未知,0.65,,Found/Acquired: Swabue,adze,False,False,adze,,,,,Unknown,Found/Acquired: Swabue,Unknown,adze,Unknown
"1979,1012.35",锛子,,,,,,British Museum,"London, United Kingdom",https://www.britishmuseum.org/collection/object/A_1979-1012-35,,,发现/收购：Swabue,"1979,1012.35",2026-05-27,未知,锛子,未知,未知,0.65,,Found/Acquired: Swabue,adze,False,False,adze,,,,,Unknown,Found/Acquired: Swabue,Unknown,adze,Unknown
"1979,1012.29",锛子,,,,,,British Museum,"London, United Kingdom",https://www.britishmuseum.org/collection/object/A_1979-1012-29,,,发现/收购：Swabue,"1979,1012.29",2026-05-27,未知,锛子,未知,未知,0.65,,Found/Acquired: Swabue,adze,False,False,adze,,,,,Unknown,Found/Acquired: Swabue,Unknown,adze,Unknown
"1979,1012.17",锛子,,,,,,British Museum,"London, United Kingdom",https://www.britishmuseum.org/collection/object/A_1979-1012-17,,,发现/收购：Swabue,"1979,1012.17",2026-05-27,未知,锛子,未知,未知,0.65,,Found/Acquired: Swabue,adze,False,False,adze,,,,,Unknown,Found/Acquired: Swabue,Unknown,adze,Unknown
"1979,1012.30",锛子,,,,,,British Museum,"London, United Kingdom",https://www.britishmuseum.org/collection/object/A_1979-1012-30,,,发现/收购：Swabue,"1979,1012.30",2026-05-27,未知,锛子,未知,未知,0.65,,Found/Acquired: Swabue,adze,False,False,adze,,,,,Unknown,Found/Acquired: Swabue,Unknown,adze,Unknown
"1979,1012.43",锛子,,,,,,British Museum,"London, United Kingdom",https://www.britishmuseum.org/collection/object/A_1979-1012-43,,,发现/收购：Swabue,"1979,1012.43",2026-05-27,未知,锛子,未知,未知,0.65,,Found/Acquired: Swabue,adze,False,False,adze,,,,,Unknown,Found/Acquired: Swabue,Unknown,adze,Unknown
"1979,1012.37",锛子,,,,,,British Museum,"London, United Kingdom",https://www.britishmuseum.org/collection/object/A_1979-1012-37,,,发现/收购：Swabue,"1979,1012.37",2026-05-27,未知,锛子,未知,未知,0.65,,Found/Acquired: Swabue,adze,False,False,adze,,,,,Unknown,Found/Acquired: Swabue,Unknown,adze,Unknown
"1979,1012.31",锛子,,,,,,British Museum,"London, United Kingdom",https://www.britishmuseum.org/collection/object/A_1979-1012-31,,,发现/收购：Swabue,"1979,1012.31",2026-05-27,未知,锛子,未知,未知,0.65,,Found/Acquired: Swabue,adze,False,False,adze,,,,,Unknown,Found/Acquired: Swabue,Unknown,adze,Unknown
"1979,1012.25",锛子,,,,,,British Museum,"London, United Kingdom",https://www.britishmuseum.org/collection/object/A_1979-1012-25,,,发现/收购：Swabue,"1979,1012.25",2026-05-27,未知,锛子,未知,未知,0.65,,Found/Acquired: Swabue,adze,False,False,adze,,,,,Unknown,Found/Acquired: Swabue,Unknown,adze,Unknown
"1926,1204.24",aeolipile,,,,,,British Museum,"London, United Kingdom",https://www.britishmuseum.org/collection/object/A_1926-1204-24,,,发现/获得：Tibet,"1926,1204.24",2026-05-27,未知,aeolipile,未知,Tibetan,0.65,,Found/Acquired: Tibet,aeolipile,False,False,aeolipile,,,,,Tibetan,Found/Acquired: Tibet,Unknown,aeolipile,Unknown
"1936,1007.2",aeolipile,1901-1936,,,,,British Museum,"London, United Kingdom",https://www.britishmuseum.org/collection/object/A_1936-1007-2,,,发现/获得：Tibet,"1936,1007.2",2026-05-27,清朝（1901-1936）,aeolipile,未知,Tibetan,0.75,,Found/Acquired: Tibet,aeolipile,False,False,aeolipile,1901-1936,,,,Tibetan,Found/Acquired: Tibet,Qing dynasty (1901-1936),aeolipile,Unknown
"1936,1007.5",aeolipile,,,,,,British Museum,"London, United Kingdom",https://www.britishmuseum.org/collection/object/A_1936-1007-5,,,发现/获得：Tibet,"1936,1007.5",2026-05-27,未知,aeolipile,未知,Tibetan,0.65,,Found/Acquired: Tibet,aeolipile,False,False,aeolipile,,,,,Tibetan,Found/Acquired: Tibet,Unknown,aeolipile,Unknown
"1913,0721.7",aeolipile,1900,,,,,British Museum,"London, United Kingdom",https://www.britishmuseum.org/collection/object/A_1913-0721-7,,,发现/获得：Tibet,"1913,0721.7",2026-05-27,1900,aeolipile,未知,Tibetan,0.75,,Found/Acquired: Tibet,aeolipile,False,False,aeolipile,1900,,,,Tibetan,Found/Acquired: Tibet,1900,aeolipile,Unknown
"1936,1007.3",aeolipile,,,,,,British Museum,"London, United Kingdom",https://www.britishmuseum.org/collection/object/A_1936-1007-3,,,发现/获得：Tibet,"1936,1007.3",2026-05-27,未知,aeolipile,未知,Tibetan,0.65,,Found/Acquired: Tibet,aeolipile,False,False,aeolipile,,,,,Tibetan,Found/Acquired: Tibet,Unknown,aeolipile,Unknown
"1905,0518.75.a-b",akor,19日C,,,,,British Museum,"London, United Kingdom",https://www.britishmuseum.org/collection/object/A_1905-0518-75-a-b,https://media.britishmuseum.org/Repository/Documents/2014_11/12_11/751bd836_b703_4f26_bd16_a3e100bfcb9c/large_00100519_001.jpg,,发现/获得：Tibet,"1905,0518.75.a-b",2026-05-27,19日C,akor,未知,Tibetan,0.75,,Found/Acquired: Tibet,akor,,False,akor,19thC,,,,Tibetan,Found/Acquired: Tibet,19thC,akor,Unknown
Franks.807,阿尔巴雷洛,1621,,,,,British Museum,"London, United Kingdom",https://www.britishmuseum.org/collection/object/A_Franks-807,https://media.britishmuseum.org/Repository/Documents/2014_10/4_21/dc8cd806_9bb9_4892_856f_a3ba01619af2/large_00264110_001.jpg,,发现/收购：中国,Franks.807,2026-05-27,1621,阿尔巴雷洛,未知,未知,0.75,,Found/Acquired: China,albarello,,False,albarello,1621,,,,Unknown,Found/Acquired: China,1621,albarello,Unknown
"1962,1231,0.5.1-28",画册/绘画,1820,绘画,,,,British Museum,"London, United Kingdom",https://www.britishmuseum.org/collection/object/A_1962-1231-0-5-1-28,https://media.britishmuseum.org/Repository/Documents/2014_10/11_17/7931769f_a5cc_404a_a68f_a3c10122f912/large_00681380_001.jpg,,,"1962,1231,0.5.1-28",2026-05-27,1820,绘画,未知,未知,0.75,,,album / painting,,False,album / painting,1820,painting,,,Unknown,,1820,Painting,Unknown
"1869,0508,0.1",画册/绘画,,绘画,,,,British Museum,"London, United Kingdom",https://www.britishmuseum.org/collection/object/A_1869-0508-0-1,,,,"1869,0508,0.1",2026-05-27,未知,绘画,未知,未知,0.65,,,album / painting,False,False,album / painting,,painting,,,Unknown,,Unknown,Painting,Unknown
"1948,0710,0.34.16",相册/绘画/油画,19日C,绘画,,,,British Museum,"London, United Kingdom",https://www.britishmuseum.org/collection/object/A_1948-0710-0-34-16,https://media.britishmuseum.org/Repository/Documents/2014_10/11_22/ca2e2c89_8510_4a91_9c32_a3c1017399b5/large_00710462_001.jpg,,,"1948,0710,0.34.16",2026-05-27,19日C,绘画,未知,未知,0.75,,,album / drawing / painting,,False,album / drawing / painting,19thC,painting,,,Unknown,,19thC,Painting,Unknown
"1934,0512,0.1.1-16",打印/相册,,专辑,,,,British Museum,"London, United Kingdom",https://www.britishmuseum.org/collection/object/A_1934-0512-0-1-1-16,https://media.britishmuseum.org/Repository/Documents/2024_9/3_8/65a92e11_3c4b_49be_b221_b1e00089df62/large_1934_0512_0_1_1_16_2.jpg,,发现/收购：中国,"1934,0512,0.1.1-16",2026-05-27,未知,打印,未知,未知,0.65,,Found/Acquired: China,print / album,,False,print / album,,album,,,Unknown,Found/Acquired: China,Unknown,Print,Unknown
"1986,0313,0.1.137",摄影印刷品/相册,1937年3月,专辑,,,,British Museum,"London, United Kingdom",https://www.britishmuseum.org/collection/object/A_1986-0313-0-1-137,https://media.britishmuseum.org/Repository/Documents/2014_10/11_10/2661933a_41a5_4c68_88ee_a3c100aff110/large_00631037_001.jpg,,,"1986,0313,0.1.137",2026-05-27,1937年3月,打印,未知,未知,0.75,,,photographic print / album,,False,photographic print / album,March 1937,album,,,Unknown,,March 1937,Print,Unknown
"1986,0313,0.1.208",摄影印刷品/相册,1936-1937,专辑,,,,British Museum,"London, United Kingdom",https://www.britishmuseum.org/collection/object/A_1986-0313-0-1-208,,,,"1986,0313,0.1.208",2026-05-27,清朝（1936-1937）,打印,未知,未知,0.75,,,photographic print / album,False,False,photographic print / album,1936-1937,album,,,Unknown,,Qing dynasty (1936-1937),Print,Unknown
