object_id,title,period,type,material,description,dimensions,museum,location,detail_url,image_url,image_path,credit_line,accession_number,crawl_date,standardized_period,standardized_type,standardized_material,culture,data_quality_score,_culture,_dynasty,_reign,_object_date,_department,_country,_region,_artist,_artist_bio,_artist_nationality,_image_small,_accession_year,_is_public_domain,_image_valid,is_duplicate,title_original_en,period_original_en,type_original_en,material_original_en,description_original_en,culture_original_en,credit_line_original_en,standardized_period_original_en,standardized_type_original_en,standardized_material_original_en,aligned_museum,aligned_period,aligned_type,aligned_material
911874,西厢记,清朝（1644-1911），乾隆时期（1736-1995）,打印,哈悬挂卷轴；木版画；纸上两种色调的墨水，并辅以手工着色,,"Image: 40 3/4 × 21 3/4 in. (103.5 × 55.2 cm)
Overall with mounting: 70 1/2 × 25 3/4 in. (179.1 × 65.4 cm)
Overall with knobs: 70 1/2 × 27 1/2 in. (179.1 × 69.9 cm)",The Metropolitan Museum of Art,"New York, United States",https://www.metmuseum.org/art/collection/search/911874,https://images.metmuseum.org/CRDImages/as/original/DP-40658-002.jpg,,购买，C.C.王家族基金礼品，2025,2025.385,2026-05-27,清朝（1644-1912）,打印,水墨纸本,中国,0.9,China,,,,Asian Art,,,,,,https://images.metmuseum.org/CRDImages/as/web-large/DP-40658-002.jpg,2025,True,True,False,Story of the Western Chamber,"Qing dynasty (1644–1911), Qianlong period (1736–95)",Print,HaHanging scroll; woodblock print; two shades of ink on paper with additional hand coloring,,China,"Purchase, C.C. Wang Family Fund Gift, 2025",Qing dynasty (1644-1912),Print,Ink on paper,Metropolitan Museum of Art,Qing dynasty (c. 1644),打印,水墨
61658,观世音菩萨,元朝（1271-1368）,图,有颜料痕迹的木材；单木结构,,"a) Guanyin: 39 1/4 in. (99.7 cm)
b) Inscribed block: H. 6 1/2 in. (16.5 cm); W. 2 1/4 in. (5.7 cm); D. 1 in. (2.5 cm)",The Metropolitan Museum of Art,"New York, United States",https://www.metmuseum.org/art/collection/search/61658,https://images.metmuseum.org/CRDImages/as/original/DP223478.jpg,,购买，约瑟夫·普利策遗赠，1934年,"34.15.1a, b",2026-05-27,元朝（1271-1368）,图,木头,中国,0.9,China,,,dated 1282,Asian Art,,,,,,https://images.metmuseum.org/CRDImages/as/web-large/DP223478.jpg,1934,True,True,False,Bodhisattva Avalokiteshvara (Guanyin),Yuan dynasty (1271–1368),Figure,Wood (wiillow) with traces of pigment; single woodblock construction,,China,"Purchase, Joseph Pulitzer Bequest, 1934",Yuan dynasty (1271-1368),Figure,Wood,Metropolitan Museum of Art,Yuan dynasty (c. 1271),图,木头
448663,碗,,碗,石膏；在透明釉料下涂上蓝色和黑色,,"H. 2 15/16 in. (7.5 cm)
Diam. 5 7/8 in. (14.9 cm)",The Metropolitan Museum of Art,"New York, United States",https://www.metmuseum.org/art/collection/search/448663,https://images.metmuseum.org/CRDImages/is/original/DP120820.jpg,,购买，V.埃弗里特梅西礼品，1932年,32.33,2026-05-27,未知,碗,石头,未知,0.8,,,,15th century,Islamic Art,Iran or Central Asia,,,,,https://images.metmuseum.org/CRDImages/is/web-large/DP120820.jpg,1932,True,True,False,Bowl,,Bowl,Stonepaste; painted in blue and black under transparent glaze,,Unknown,"Purchase,  V. Everit Macy Gift, 1932",Unknown,Bowl,Stone,Metropolitan Museum of Art,未知,碗,石头
764091,瓦尔瓦内拉圣母,,绘画,画布上的油画和黄金,,80 1/16 × 95 7/8 in. (203.4 × 243.5 cm),The Metropolitan Museum of Art,"New York, United States",https://www.metmuseum.org/art/collection/search/764091,https://images.metmuseum.org/CRDImages/ad/original/DP-17034-002.jpg,,恭伟礼，纪念中华民国大使及夫人李铁村，2018年,2018.652.3,2026-05-27,未知,绘画,金,秘鲁（库斯科）,0.8,Peru (Cuzco),,,ca. 1770–80,The American Wing,,,Unknown,,,https://images.metmuseum.org/CRDImages/ad/web-large/DP-17034-002.jpg,2018,True,True,False,Our Lady of Valvanera,,Painting,Oil and gold on canvas,,Peru (Cuzco),"Gift of James Kung Wei Li, in memory of Ambassador and Mme Ti-Tsun Li, Republic of China, 2018",Unknown,Painting,Gold,Metropolitan Museum of Art,未知,绘画,金
551786,《荷鲁斯祭司之死之书》，伊姆霍特普（Imuthes）,托勒密王朝早期,纸草、葬礼、《死者之书》、伊默斯、伊姆霍特普、伊穆塞斯,纸莎草、墨水,,Approximate measurements (framed): L. 21.9 m (71 ft. 10 3/16 in); H. 35 cm (1 ft. 1 3/4 in.). Length previously estimated at 63 ft. (19.2 m).,The Metropolitan Museum of Art,"New York, United States",https://www.metmuseum.org/art/collection/search/551786,https://images.metmuseum.org/CRDImages/eg/original/2-35.9.20a–w_EGDP014589-4594.jpg,,爱德华·S·哈克尼斯的礼物，1935年,35.9.20a–w,2026-05-27,托勒密王朝早期,纸草、葬礼、《死者之书》、伊默斯、伊姆霍特普、伊穆塞斯,纸莎草、墨水,未知,0.9,,,,ca. 332–200 B.C.,Egyptian Art,,Middle Egypt,,,,https://images.metmuseum.org/CRDImages/eg/web-large/2-35.9.20a–w_EGDP014589-4594.jpg,1935,True,True,False,"Book of the Dead of the Priest of Horus, Imhotep (Imuthes)",Early Ptolemaic Period,"Papyrus, funerary, Book of the Dead, Imouthes, Imhotep, Imuthes","Papyrus, ink",,Unknown,"Gift of  Edward S. Harkness, 1935",Early Ptolemaic Period,"Papyrus, funerary, Book of the Dead, Imouthes, Imhotep, Imuthes","Papyrus, ink",Metropolitan Museum of Art,托勒密王朝早期,纸草、葬礼、《死者之书》、伊默斯、伊姆霍特普、伊穆塞斯,墨水
729644,作为真爱的证明，一具运水者骨架与一名女子争吵（波萨达）；上角有两个骷髅天使（马尼拉）,,打印,类型金属雕刻和活字印刷,,Sheet: 15 3/4 × 11 13/16 in. (40 × 30 cm),The Metropolitan Museum of Art,"New York, United States",https://www.metmuseum.org/art/collection/search/729644,https://images.metmuseum.org/CRDImages/dp/original/DP865112.jpg,,伊莱沙·惠特尔西收藏，伊莱沙·维特尔西基金，1946年,46.46.311,2026-05-27,未知,打印,类型金属雕刻和活字印刷,未知,0.8,,,,ca. 1890–96,Drawings and Prints,,,José Guadalupe Posada,"Mexican, Aguascalientes 1852–1913 Mexico City",Mexican,https://images.metmuseum.org/CRDImages/dp/web-large/DP865112.jpg,1946,True,True,False,"In proof of true love, a watercarrier skeleton arguing with a woman (Posada); two skeleton angels in upper corners (Manilla)",,Print,Type-metal engraving and letterpress,,Unknown,"The Elisha Whittelsey Collection, The Elisha Whittelsey Fund, 1946",Unknown,Print,Type-metal engraving and letterpress,Metropolitan Museum of Art,未知,打印,金
472562,嘉年华摩根Stauroseke,,圣物盒,镀金银、金、景泰蓝珐琅和黑金,,"Overall (with lid): 1 1/16 x 4 1/16 x 2 13/16 in. (2.7 x 10.3 x 7.1 cm)
lid only: 2 13/16 x 3 7/8 x 1/8 in. (7.1 x 9.8 x 0.3 cm)
vessel only: 7/8 x 2 15/16 x 4 in. (2.2 x 7.5 x 10.1 cm)",The Metropolitan Museum of Art,"New York, United States",https://www.metmuseum.org/art/collection/search/472562,https://images.metmuseum.org/CRDImages/md/original/DT119.jpg,,J.皮尔庞特·摩根的礼物，1917年,"17.190.715a, b",2026-05-27,未知,圣物盒,银,拜占庭,0.8,Byzantine,,,early 9th century,Medieval Art,,,,,,https://images.metmuseum.org/CRDImages/md/web-large/DT119.jpg,1917,True,True,False,The Fieschi Morgan Staurotheke,,Reliquary,"Gilded silver, gold, enamel worked in cloisonné, and niello",,Byzantine,"Gift of J. Pierpont Morgan, 1917",Unknown,Reliquary,Silver,Metropolitan Museum of Art,未知,圣物盒,银
900001,中国记忆,,基于时间的媒体；视频；安装；雕塑,单通道视频，彩色，无声，21分钟，12秒。；老式电视柜，带永久性油笔、玻璃、丙烯酸、唱片封面、卷轴、天线和书籍,,2024.302a-p: 81 × 55 × 44 in. (205.7 × 139.7 × 111.8 cm),The Metropolitan Museum of Art,"New York, United States",https://www.metmuseum.org/art/collection/search/900001,,,购买，查尔斯·M·金和金让·苏，以及莉拉·艾奇森·华莱士礼物，2024年,2024.302a–p,2026-05-27,未知,雕塑,玻璃,美国人,0.6000000000000001,,,,2005,Modern and Contemporary Art,,,Nam June Paik,"American (born Korea), Seoul 1932–2006 Miami, Florida","American, born Korea",,2024,False,False,False,Chinese Memory,,Time-Based Media; Video; Installation; Sculpture,"Single-channel video, color, silent, 21 min., 12 sec.; vintage television cabinet with permanent oil marker, glass, acrylic, record cover, scroll, antennae, and books",,American,"Purchase, Charles M. Kim and Jean Su Maeng Kim, and Lila Acheson Wallace Gifts, 2024",Unknown,Sculpture,Glass,Metropolitan Museum of Art,未知,雕塑,玻璃
503651,琵琶,明朝（1368-1644）,琵琶,木头、象牙、骨头、丝绸,,"L. 37 × W. 9 15/16 × D. 1 1/8 in. (94 × 25.3 × 2.9 cm)
see measurements drawing",The Metropolitan Museum of Art,"New York, United States",https://www.metmuseum.org/art/collection/search/503651,https://images.metmuseum.org/CRDImages/mi/original/DP319739.jpg,,玛丽·斯蒂尔曼-哈克尼斯遗赠，1950年,50.145.74,2026-05-27,明朝（1368-1644）,琵琶,象牙,中文,0.9,Chinese,,,late 16th–early 17th century,Musical Instruments,China,,,,,https://images.metmuseum.org/CRDImages/mi/web-large/DP319739.jpg,1950,True,True,False,Pipa (琵琶 ),Ming dynasty (1368-1644),Pipa,"Wood, ivory, bone, silk",,Chinese,"Bequest of Mary Stillman Harkness, 1950",Ming dynasty (1368-1644),Pipa,Ivory,Metropolitan Museum of Art,Ming dynasty (c. 1368),琵琶,象牙
42188,坐在石窟里的罗汉,清朝（1644-1911）,图,玉（软玉）,,H. 7 11/16 in. (19.5 cm); W. 6 3/4 in. (17.2 cm); D. 2 11/16 in. (6.8 cm),The Metropolitan Museum of Art,"New York, United States",https://www.metmuseum.org/art/collection/search/42188,https://images.metmuseum.org/CRDImages/as/original/DP-14153-052.jpg,,Heber R.Bishop的礼物，1902年,02.18.640,2026-05-27,清朝（1644-1912）,图,软玉,中国,0.9,China,,,18th century,Asian Art,,,,,,https://images.metmuseum.org/CRDImages/as/web-large/DP-14153-052.jpg,1902,True,True,False,Seated luohan (arhat) in a grotto,Qing dynasty (1644–1911),Figure,Jade (nephrite),,China,"Gift of Heber R. Bishop, 1902",Qing dynasty (1644-1912),Figure,Nephrite,Metropolitan Museum of Art,Qing dynasty (c. 1644),图,玉
207247,寿老,,图,彩釉装饰的锡釉软陶,,Overall (confirmed): 10 1/4 x 8 5/8 x 4 1/2 in. (26 x 21.9 x 11.4 cm),The Metropolitan Museum of Art,"New York, United States",https://www.metmuseum.org/art/collection/search/207247,https://images.metmuseum.org/CRDImages/es/original/DP156648.jpg,,杰克和贝莉·林斯基收藏，1982年,1982.60.371,2026-05-27,未知,图,瓷,法语,0.8,,,,ca. 1735–40,European Sculpture and Decorative Arts,,,Chantilly,French,French,https://images.metmuseum.org/CRDImages/es/web-large/DP156648.jpg,1982,True,True,False,Shoulao,,Figure,Tin-glazed soft-paste porcelain decorataed in polychrome enamels,,French,"The Jack and Belle Linsky Collection, 1982",Unknown,Figure,Porcelain,Metropolitan Museum of Art,未知,图,瓷
78191,释迦牟尼佛,,图,带彩色颜料的黄铜,,H. 15 1/2 in. (39.4 cm); W. 10 7/16 in. (26.5 cm); D. 8 5/8 in. (21.9 cm),The Metropolitan Museum of Art,"New York, United States",https://www.metmuseum.org/art/collection/search/78191,https://images.metmuseum.org/CRDImages/as/original/DP-15581-015.jpg,,齐默尔曼家族收藏，购买，莉拉·艾奇森·华莱士，奥斯卡·L·唐，安东尼·W·王和露露·C·王，安妮特·德拉伦塔礼物，2012,2012.458,2026-05-27,未知,图,黄铜,Tibet中部,0.8,Central Tibet,,,12th century,Asian Art,,,,,,https://images.metmuseum.org/CRDImages/as/web-large/DP-15581-015.jpg,2012,True,True,False,Buddha Shakyamuni,,Figure,Brass with colored pigments,,Central Tibet,"Zimmerman Family Collection, Purchase, Lila Acheson Wallace, Oscar L. Tang, Anthony W. and Lulu C. Wang and Annette de la Renta Gifts, 2012",Unknown,Figure,Brass,Metropolitan Museum of Art,未知,图,黄铜
329077,尺子的头,青铜时代早期,雕塑,铜合金,,13 9/16 × 8 3/8 × 9 3/16 in. (34.4 × 21.3 × 23.3 cm),The Metropolitan Museum of Art,"New York, United States",https://www.metmuseum.org/art/collection/search/329077,https://images.metmuseum.org/CRDImages/an/original/DP-23662-001.jpg,,罗杰斯基金，1947年,47.100.80,2026-05-27,青铜时代,雕塑,铜,未知,0.9,,,,ca. 2300–2000 BCE,Ancient West Asian Art,,Mesopotamia,,,,https://images.metmuseum.org/CRDImages/an/web-large/DP-23662-001.jpg,1947,True,True,False,Head of a ruler,Early Bronze Age,Sculpture,Copper alloy,,Unknown,"Rogers Fund, 1947",Bronze Age,Sculpture,Copper,Metropolitan Museum of Art,青铜时代,雕塑,铜
42733,弥勒佛（英里）,北魏（386–534）,图,镀金青铜，有颜料痕迹；件模铸造,,H. 55 1/4 in. (140.3 cm); W. 24 1/2 in. (62.2 cm); D. 19 1/4 in. (48.9 cm),The Metropolitan Museum of Art,"New York, United States",https://www.metmuseum.org/art/collection/search/42733,https://images.metmuseum.org/CRDImages/as/original/DP170102.jpg,,约翰·斯图尔特·肯尼迪基金会，1926年,26.123,2026-05-27,北魏（386-534）,图,青铜,中国,0.9,China,,,dated 486 (10th year of Taihe reign),Asian Art,,,,,,https://images.metmuseum.org/CRDImages/as/web-large/DP170102.jpg,1926,True,True,False,Buddha Maitreya (Mile),Northern Wei dynasty (386–534),Figure,Gilt bronze with traces of pigment; piece-mold cast,,China,"John Stewart Kennedy Fund, 1926",Northern Wei dynasty (386-534),Figure,Bronze,Metropolitan Museum of Art,北魏（386-534）,图,青铜
53660,关于放牧的十首诗,镰仓时期（1185年-1333年）,手卷,Handscroll；纸本水墨设色,,Image: 12 1/4 in. × 20 ft. 6 in. (31.1 × 624.8 cm),The Metropolitan Museum of Art,"New York, United States",https://www.metmuseum.org/art/collection/search/53660,https://images.metmuseum.org/CRDImages/as/original/2015_300_10_Burke_website.jpg,,玛丽·格里格斯·伯克收藏，玛丽和杰克逊·伯克基金会的礼物，2015年,2015.300.10,2026-05-27,镰仓时期（1185-1333）,手卷,Handscroll；纸本水墨设色,日本,0.9,Japan,,,1278,Asian Art,,,,,,https://images.metmuseum.org/CRDImages/as/web-large/2015_300_10_Burke_website.jpg,2015,True,True,False,Ten Verses on Oxherding,Kamakura period (1185–1333),Handscroll,Handscroll; ink and color on paper,,Japan,"Mary Griggs Burke Collection, Gift of the Mary and Jackson Burke Foundation, 2015",Kamakura period (1185-1333),Handscroll,Handscroll; ink and color on paper,Metropolitan Museum of Art,Song dynasty (c. 1185),手卷,水墨
310453,Nkishi（社区权力人物）,,男性形象,木材、铜、黄铜、铁、纤维、蛇皮、皮革、毛皮、羽毛、泥、树脂,,H. 39 × W. 10 1/2 × D. 11 in. (99.1 × 26.7 × 27.9 cm),The Metropolitan Museum of Art,"New York, United States",https://www.metmuseum.org/art/collection/search/310453,,,购买，查尔斯·恩格尔哈德夫人和玛丽·R·摩根礼品和罗杰斯基金，1978年,1978.409,2026-05-27,未知,图,铜,松野人,0.6000000000000001,Songye peoples,,,19th–first half of 20th century,The Michael C. Rockefeller Wing,Democratic Republic of the Congo,Lomami River region,Songye artist and nganga (ritual specialist),,,,1978,False,False,False,Nkishi (community power figure),,Male figure,"Wood, copper, brass, iron, fiber, snakeskin, leather, fur, feathers, mud, resin",,Songye peoples,"Purchase, Mrs. Charles Engelhard and Mary R. Morgan Gifts and Rogers Fund, 1978",Unknown,Figure,Copper,Metropolitan Museum of Art,未知,图,铜
437422,慈善,,绘画,布面油画,,54 x 41 3/4 in. (137.2 x 106 cm),The Metropolitan Museum of Art,"New York, United States",https://www.metmuseum.org/art/collection/search/437422,https://images.metmuseum.org/CRDImages/ep/original/DT10776.jpg,,查尔斯·莱特斯曼夫妇的礼物，1974年,1974.348,2026-05-27,未知,绘画,布面油画,意大利语,0.8,,,,ca. 1630,European Paintings,,,Guido Reni,"Italian, Bologna 1575–1642 Bologna",Italian,https://images.metmuseum.org/CRDImages/ep/web-large/DT10776.jpg,1974,True,True,False,Charity,,Painting,Oil on canvas,,Italian,"Gift of Mr. and Mrs. Charles Wrightsman, 1974",Unknown,Painting,Oil on canvas,Metropolitan Museum of Art,未知,绘画,油
764095,基督背着十字架，被称为“堕落之主”,,绘画,画布上的油画和黄金,,65 × 48 in. (165.1 × 121.9 cm),The Metropolitan Museum of Art,"New York, United States",https://www.metmuseum.org/art/collection/search/764095,https://images.metmuseum.org/CRDImages/ad/original/DP-18755-007.jpg,,恭伟礼，纪念中华民国大使及夫人李铁村，2018年,2018.652.5,2026-05-27,未知,绘画,金,秘鲁（库斯科）,0.8,Peru (Cuzco),,,ca. 1770–75,The American Wing,,,Unknown,,,https://images.metmuseum.org/CRDImages/ad/web-large/DP-18755-007.jpg,2018,True,True,False,"Christ Carrying the Cross, called ""The Lord of the Fall""",,Painting,Oil and gold on canvas,,Peru (Cuzco),"Gift of James Kung Wei Li, in memory of Ambassador and Mme Ti-Tsun Li, Republic of China, 2018",Unknown,Painting,Gold,Metropolitan Museum of Art,未知,绘画,金
206965,Longcase天文调节器,,Longcase天文调节器,表壳：橡木贴面，乌木和黄铜，镀金青铜底座；表盘：白色搪瓷；机芯：镀金黄铜和钢,,Overall: 90 1/2 × 21 × 12 3/4 in. (229.9 × 53.3 × 32.4 cm),The Metropolitan Museum of Art,"New York, United States",https://www.metmuseum.org/art/collection/search/206965,https://images.metmuseum.org/CRDImages/es/original/DP336058.jpg,,杰克和贝莉·林斯基收藏，1982年,1982.60.50,2026-05-27,未知,Longcase天文调节器,青铜,法语,0.8,,,,ca. 1768–70,European Sculpture and Decorative Arts,,,Ferdinand Berthoud,"French, 1727–1807",French,https://images.metmuseum.org/CRDImages/es/web-large/DP336058.jpg,1982,True,True,False,Longcase astronomical regulator,,Longcase astronomical regulator,"Case: oak veneered with ebony and brass, with gilt-bronze mounts; Dial: white enamel; Movement: gilded brass and steel",,French,"The Jack and Belle Linsky Collection, 1982",Unknown,Longcase astronomical regulator,Bronze,Metropolitan Museum of Art,未知,Longcase天文调节器,青铜
317877,游行十字架,,十字,黄铜,,H. 10 1/2 × W. 5 × D. 1 in. (26.7 × 12.7 × 2.5 cm),The Metropolitan Museum of Art,"New York, United States",https://www.metmuseum.org/art/collection/search/317877,https://images.metmuseum.org/CRDImages/ao/original/DP100984.jpg,,购买，伊莱恩·罗森伯格礼物和各种捐助者的资金，1998年,1998.37,2026-05-27,未知,十字,黄铜,北部高地地区,0.8,Northern Highlands region,,,14th–15th century,The Michael C. Rockefeller Wing,Ethiopia,Lasta region,Northern Highlands artist,,,https://images.metmuseum.org/CRDImages/ao/web-large/DP100984.jpg,1998,True,True,False,Processional Cross,,Cross,Brass,,Northern Highlands region,"Purchase, Elaine Rosenberg Gift and funds from various donors, 1998",Unknown,Cross,Brass,Metropolitan Museum of Art,未知,十字,黄铜
459027,一个女人的肖像，可能是圣Secondo的修女；（反面）格里萨尔的场景,,绘画,木头上的油；（反面：木头上的油和金）,,"Overall 4 x 2 7/8 in. (10.2 x 7.3 cm); recto and verso, painted surface 3 3/4 x 2 1/2 in. (9.5 x 6.4 cm)",The Metropolitan Museum of Art,"New York, United States",https://www.metmuseum.org/art/collection/search/459027,https://images.metmuseum.org/CRDImages/rl/original/DP221483.jpg,,罗伯特·雷曼收藏，1975年,1975.1.85,2026-05-27,未知,绘画,木头上的油,意大利语,0.8,,,,ca. 1485–95,Robert Lehman Collection,,,Jacometto (Jacometto Veneziano),"Italian, active Venice by ca. 1472–died before 1498",Italian,https://images.metmuseum.org/CRDImages/rl/web-large/DP221483.jpg,1975,True,True,False,"Portrait of a Woman, Possibly a Nun of San Secondo; (verso) Scene in Grisaille",,Painting,Oil on wood; (verso: oil and gold on wood),,Italian,"Robert Lehman Collection, 1975",Unknown,Painting,Oil on wood,Metropolitan Museum of Art,未知,绘画,木头
459028,Alvise Contarini肖像（？）；（反面）拴着的罗巴克,,绘画,木头上的油；verso：木头上的油和金,,"Overall 4 5/8 x 3 3/8 in. ; recto, painted surface 4 1/8 x 3 1/8 in.; verso, painted surface 4 3/8 x 3 1/8 in.",The Metropolitan Museum of Art,"New York, United States",https://www.metmuseum.org/art/collection/search/459028,https://images.metmuseum.org/CRDImages/rl/original/DP221485.jpg,,罗伯特·雷曼收藏，1975年,1975.1.86,2026-05-27,未知,绘画,木头上的油,意大利语,0.8,,,,ca. 1485–95,Robert Lehman Collection,,,Jacometto (Jacometto Veneziano),"Italian, active Venice by ca. 1472–died before 1498",Italian,https://images.metmuseum.org/CRDImages/rl/web-large/DP221485.jpg,1975,True,True,False,Portrait of Alvise Contarini(?); (verso) A Tethered Roebuck,,Painting,Oil on wood; verso: oil and gold on wood,,Italian,"Robert Lehman Collection, 1975",Unknown,Painting,Oil on wood,Metropolitan Museum of Art,未知,绘画,木头
544320,管家Mentuwoser的石碑,中央王国,Mentuwoser石碑,石灰石、油漆,,H. 103 cm (40 9/16 in.); W. 50.5 cm (19 7/8 in.); Th. 8.3 cm (3 1/4 in.),The Metropolitan Museum of Art,"New York, United States",https://www.metmuseum.org/art/collection/search/544320,https://images.metmuseum.org/CRDImages/eg/original/DP322064.jpg,,爱德华·S·哈克尼斯的礼物，1912年,12.184,2026-05-27,中央王国,石碑,石灰岩,未知,0.9,,Dynasty 12,"reign of Senwosret I, year 17",ca. 1944 B.C.,Egyptian Art,,Northern Upper Egypt,,,,https://images.metmuseum.org/CRDImages/eg/web-large/DP322064.jpg,1912,True,True,False,Stela of the Steward Mentuwoser,Middle Kingdom,"Stela, Mentuwoser","Limestone, paint",,Unknown,"Gift of Edward S. Harkness, 1912",Middle Kingdom,Stela,Limestone,Metropolitan Museum of Art,中央王国,石碑,石灰岩
53162,托巴苏·比沙莫滕,平安时期（794-1185）,图,有颜色痕迹的榉木,,H. 49 1/4 in. (125.1 cm),The Metropolitan Museum of Art,"New York, United States",https://www.metmuseum.org/art/collection/search/53162,https://images.metmuseum.org/CRDImages/as/original/DP-27915-006.jpg,,玛丽·格里格斯·伯克收藏，玛丽和杰克逊·伯克基金会的礼物，2015年,"2015.300.253a, b",2026-05-27,平安时期（794-1185）,图,木头,日本,0.9,Japan,,,late 10th–early 11th century,Asian Art,,,,,,https://images.metmuseum.org/CRDImages/as/web-large/DP-27915-006.jpg,2015,True,True,False,Tobatsu Bishamonten,Heian period (794–1185),Figure,Zelkova wood with traces of color,,Japan,"Mary Griggs Burke Collection, Gift of the Mary and Jackson Burke Foundation, 2015",Heian period (794–1185),Figure,Wood,Metropolitan Museum of Art,Tang dynasty (c. 794),图,木头
200668,萨宾·霍登（1787–1836）,,半身像,灰色大理石底座上的白色大理石,,"Overall, without base (confirmed): H. 10 3/4 x W. 8 7/8 x D. 5 7/8 in., 20lb. (27.3 x 22.5 x 14.9 cm, 9.0719kg); Height with base (confirmed): 13 1/2 in. (34.3 cm)",The Metropolitan Museum of Art,"New York, United States",https://www.metmuseum.org/art/collection/search/200668,https://images.metmuseum.org/CRDImages/es/original/DP242660.jpg,,玛丽·斯蒂尔曼-哈克尼斯遗赠，1950年,50.145.66,2026-05-27,未知,半身像,大理石,法语,0.8,,,,1788,European Sculpture and Decorative Arts,,,Jean Antoine Houdon,"French, Versailles 1741–1828 Paris",French,https://images.metmuseum.org/CRDImages/es/web-large/DP242660.jpg,1950,True,True,False,Sabine Houdon (1787–1836),,Bust,White marble on gray marble socle,,French,"Bequest of Mary Stillman Harkness, 1950",Unknown,Bust,Marble,Metropolitan Museum of Art,未知,半身像,大理石
544740,Yuny和他的妻子Renenutet,新王国，拉美西斯,雕像、Yuny、Renenutet、双人、曼纳特、音乐,石灰石、油漆,,H. 84.5 × W. 54.5 × D. 73 cm (33 1/4 × 21 7/16 × 28 3/4 in.),The Metropolitan Museum of Art,"New York, United States",https://www.metmuseum.org/art/collection/search/544740,https://images.metmuseum.org/CRDImages/eg/original/DT549.jpg,,罗杰斯基金，1915年,15.2.1,2026-05-27,新王国，拉美西斯,雕像、Yuny、Renenutet、双人、曼纳特、音乐,石灰岩,未知,0.9,,Dynasty 19,reign of Seti I,ca. 1294–1279 B.C.,Egyptian Art,Egypt,Middle Egypt,,,,https://images.metmuseum.org/CRDImages/eg/web-large/DT549.jpg,1915,True,True,False,Yuny and His Wife Renenutet,"New Kingdom, Ramesside","Statue, Yuny, Renenutet, pair, menat, music","Limestone, paint",,Unknown,"Rogers Fund, 1915","New Kingdom, Ramesside","Statue, Yuny, Renenutet, pair, menat, music",Limestone,Metropolitan Museum of Art,新王国，拉美西斯,雕像、Yuny、Renenutet、双人、曼纳特、音乐,石灰岩
39901,夜光白,唐朝（618-907）,手卷,Handscroll；纸上油墨,,"Image: 12 1/8 x 13 3/8 in. (30.8 x 34 cm)
Overall with mounting: 14 in. x 37 ft. 5 1/8 in. (35.4 cm x 11.4 m)",The Metropolitan Museum of Art,"New York, United States",https://www.metmuseum.org/art/collection/search/39901,https://images.metmuseum.org/CRDImages/as/original/DP153705.jpg,,购买，狄龙基金会礼物，1977年,1977.78,2026-05-27,唐朝（618-907）,手卷,水墨纸本,中国,0.9,China,,,ca. 750,Asian Art,,,Han Gan,"Chinese, active ca. 742–756",Chinese,https://images.metmuseum.org/CRDImages/as/web-large/DP153705.jpg,1977,True,True,False,Night-Shining White,Tang dynasty (618–907),Handscroll,Handscroll; ink on paper,,China,"Purchase, The Dillon Fund Gift, 1977",Tang dynasty (618-907),Handscroll,Ink on paper,Metropolitan Museum of Art,Tang dynasty (c. 618),手卷,水墨
53176,FudōMyō，不朽的智慧之王（阿查拉·维迪亚拉贾）,镰仓时期（1185年-1333年）,图,漆器、彩色、金色、切割金箔（kirikane）和镶嵌水晶眼的日本柏树,,H. 21 in. (53.3 cm);  W. 16 3/4 in. (42.5 cm); D. 15 in. (38.1 cm),The Metropolitan Museum of Art,"New York, United States",https://www.metmuseum.org/art/collection/search/53176,https://images.metmuseum.org/CRDImages/as/original/DP-22243-001.jpg,,玛丽·格里格斯·伯克收藏，玛丽和杰克逊·伯克基金会的礼物，2015年,"2015.300.252a, b",2026-05-27,镰仓时期（1185-1333）,图,金,日本,0.9,Japan,,,early 13th century,Asian Art,,,Kaikei,"Japanese, active 1183–1223",Japanese,https://images.metmuseum.org/CRDImages/as/web-large/DP-22243-001.jpg,2015,True,True,False,"Fudō Myōō, the Immovable Wisdom King (Achala Vidyaraja)",Kamakura period (1185–1333),Figure,"Japanese cypress with lacquer, color, gold, cut gold leaf (kirikane), and inlaid crystal eyes",,Japan,"Mary Griggs Burke Collection, Gift of the Mary and Jackson Burke Foundation, 2015",Kamakura period (1185-1333),Figure,Gold,Metropolitan Museum of Art,Song dynasty (c. 1185),图,金
435848,圣母玛利亚的诞生,,绘画,蛋彩画和木头上的油,,57 x 37 7/8 in. (144.8 x 96.2 cm),The Metropolitan Museum of Art,"New York, United States",https://www.metmuseum.org/art/collection/search/435848,https://images.metmuseum.org/CRDImages/ep/original/DP109484.jpg,,罗杰斯和格温·安德鲁斯基金，1935年,35.121,2026-05-27,未知,绘画,木头上的油,意大利语,0.8,,,,1467,European Paintings,,,Fra Carnevale (Bartolomeo di Giovanni Corradini),"Italian, born by 1416–died 1484 Urbino",Italian,https://images.metmuseum.org/CRDImages/ep/web-large/DP109484.jpg,1935,True,True,False,The Birth of the Virgin,,Painting,Tempera and oil on wood,,Italian,"Rogers and Gwynne Andrews Funds, 1935",Unknown,Painting,Oil on wood,Metropolitan Museum of Art,未知,绘画,木头
42515,鸡肉杯,明朝（1368-1644），成华年间（1465-87）,杯子,釉下钴蓝釉上彩瓷釉（景德镇瓷器）,,H. 1 5/8 in. (4.1 cm); Diam. of rim 3 1/4 in. (8.3 cm); Diam. of foot 1 1/2 in. (3.8 cm),The Metropolitan Museum of Art,"New York, United States",https://www.metmuseum.org/art/collection/search/42515,https://images.metmuseum.org/CRDImages/as/original/1987_85_2015AT_001.jpg,,购买，理查德·E·林本夫人礼物，1987年,1987.85,2026-05-27,明朝（1368-1644）,杯子,瓷,中国,0.9,China,,,,Asian Art,,,,,,https://images.metmuseum.org/CRDImages/as/web-large/1987_85_2015AT_001.jpg,1987,True,True,False,Chicken cup,"Ming dynasty (1368–1644), Chenghua mark and period (1465–87)",Cup,Porcelain painted in underglaze cobalt blue and overglaze colored enamel (Jingdezhen ware),,China,"Purchase, Mrs. Richard E. Linburn Gift, 1987",Ming dynasty (1368-1644),Cup,Porcelain,Metropolitan Museum of Art,Ming dynasty (c. 1368),杯子,瓷
205883,观音,,图,镀金红色石器,,Overall (confirmed): 14 3/4 × 4 × 4 1/8 in. (37.5 × 10.2 × 10.5 cm),The Metropolitan Museum of Art,"New York, United States",https://www.metmuseum.org/art/collection/search/205883,https://images.metmuseum.org/CRDImages/es/original/DP352550.jpg,,莱斯利和艾玛·谢弗收藏，艾玛·谢费尔遗赠，1973年,1974.356.319,2026-05-27,未知,图,炻器,德语,0.8,,,,1710–13,European Sculpture and Decorative Arts,,,Meissen Manufactory,"German, 1710–present",German,https://images.metmuseum.org/CRDImages/es/web-large/DP352550.jpg,1974,True,True,False,Guanyin,,Figure,Red stoneware with gilding,,German,"The Lesley and Emma Sheafer Collection, Bequest of Emma A. Sheafer, 1973",Unknown,Figure,Stoneware,Metropolitan Museum of Art,未知,图,炻器
816189,“不在任何地方，觉醒的头脑就会升起”,镰仓（1185年-1333年）或南博库乔（1336年-92年）时期,挂轴,悬挂卷轴；纸上油墨,,"Image: 39 1/16 × 22 5/8 in. (99.2 × 57.4 cm)
Overall with mounting: 71 1/4 × 24 in. (181 × 61 cm)
Overall with knobs: 71 1/4 × 25 13/16 in. (181 × 65.6 cm)",The Metropolitan Museum of Art,"New York, United States",https://www.metmuseum.org/art/collection/search/816189,https://images.metmuseum.org/CRDImages/as/original/DP-17101-002.jpg,,玛丽和切尼考尔斯收藏，玛丽和切尼·考尔斯的礼物，2018,2018.853.2,2026-05-27,镰仓时期（1185-1333）,挂轴,水墨纸本,日本,0.9,Japan,,,early to mid-14th century,Asian Art,,,Musō Soseki,"Japanese, 1275–1351",Japanese,https://images.metmuseum.org/CRDImages/as/web-large/DP-17101-002.jpg,2018,True,True,False,"”Abiding nowhere, the awakened mind arises”",Kamakura (1185–1333) or Nanbokuchō (1336–92) period,Hanging scroll,Hanging scroll; ink on paper,,Japan,"Mary and Cheney Cowles Collection, Gift of Mary and Cheney Cowles, 2018",Kamakura period (1185-1333),Hanging scroll,Ink on paper,Metropolitan Museum of Art,Song dynasty (c. 1185),挂轴,水墨
776714,蔬菜#3,,悬挂式卷轴格式安装在板上,水墨纸本,,"70 7/8 × 38 5/8 in. (180 × 98.1 cm)
with wooden board: 8 ft. 6 1/2 in. × 39 7/8 in. × 2 5/8 in. (260.4 × 101.3 × 6.7 cm)",The Metropolitan Museum of Art,"New York, United States",https://www.metmuseum.org/art/collection/search/776714,,,2018年按交易所分列的来自各捐助方的资金购买情况,2018.513,2026-05-27,未知,挂轴,水墨纸本,中国,0.6000000000000001,China,,,2015,Asian Art,,,Li Jin,"Chinese, born 1958",Chinese,,2018,False,False,False,Vegetable #3,,Hanging scroll format mounted to board,Ink on paper,,China,"Purchase, Funds from various donors, by exchange, 2018",Unknown,Hanging scroll,Ink on paper,Metropolitan Museum of Art,未知,挂轴,水墨
824771,玛丽·安托瓦内特在公园里,,绘图,黑色粉笔、树桩状粉笔和白色粉笔；用黑色粉笔勾勒线条,,Sheet: 23 3/16 × 15 7/8 in. (58.9 × 40.4 cm),The Metropolitan Museum of Art,"New York, United States",https://www.metmuseum.org/art/collection/search/824771,https://images.metmuseum.org/CRDImages/dp/original/DP-18368-001.jpg,,查尔斯·莱特斯曼夫人遗赠，2019,2019.138.4,2026-05-27,未知,绘图,黑色粉笔、树桩状粉笔和白色粉笔；用黑色粉笔勾勒线条,法语,0.8,,,,ca. 1780–81,Drawings and Prints,,,Elisabeth Louise Vigée Le Brun,"French, Paris 1755–1842 Paris",French,https://images.metmuseum.org/CRDImages/dp/web-large/DP-18368-001.jpg,2019,True,True,False,Marie Antoinette in a Park,,Drawing,"Black chalk, stumped, and white chalk; framing lines in black chalk",,French,"Bequest of Mrs. Charles Wrightsman, 2019",Unknown,Drawing,"Black chalk, stumped, and white chalk; framing lines in black chalk",Metropolitan Museum of Art,未知,绘图,
436102,圣母和四个天使的孩子,,绘画,木头上的油,,24 7/8 x 15 3/8 in. (63.2 x 39.1 cm),The Metropolitan Museum of Art,"New York, United States",https://www.metmuseum.org/art/collection/search/436102,https://images.metmuseum.org/CRDImages/ep/original/DP-1410-001.jpg,,查尔斯·莱特斯曼夫妇的礼物，1977年,1977.1.1,2026-05-27,未知,绘画,木头上的油,未知,0.8,,,,ca. 1510–15,European Paintings,,,Gerard David,"Netherlandish, Oudewater ca. 1455–1523 Bruges",Netherlandish,https://images.metmuseum.org/CRDImages/ep/web-large/DP-1410-001.jpg,1977,True,True,False,Virgin and Child with Four Angels,,Painting,Oil on wood,,Unknown,"Gift of Mr. and Mrs. Charles Wrightsman, 1977",Unknown,Painting,Oil on wood,Metropolitan Museum of Art,未知,绘画,木头
707476,刻有圣菲利普铭文的使徒牌匾,,盘子,瓷器，带多色珐琅,,Overall (confirmed): 1 × 8 7/8 × 8 7/8 in. (2.5 × 22.5 × 22.5 cm),The Metropolitan Museum of Art,"New York, United States",https://www.metmuseum.org/art/collection/search/707476,https://images.metmuseum.org/CRDImages/es/original/DP-14531-019.jpg,,2016年，Luisa Vinhais和Jorge Welsh为纪念Renato de Albuquerque先生和夫人而赠送的礼物,2016.73,2026-05-27,未知,盘子,瓷,未知,0.8,,,,ca. 1740,European Sculpture and Decorative Arts,,,,,,https://images.metmuseum.org/CRDImages/es/web-large/DP-14531-019.jpg,2016,True,True,False,Apostle plate with inscription of Saint Phillip,,Plate,"Porcelain, with polychrome enamel",,Unknown,"Gift of Luísa Vinhais and Jorge Welsh, in honor of Mr. and Mrs. Renato de Albuquerque, 2016",Unknown,Plate,Porcelain,Metropolitan Museum of Art,未知,盘子,瓷
53190,守护狮犬,镰仓时期（1185年-1333年）,图,漆、金箔和颜色的日本柏树,,"a: H. 16 3/4 in. (42.5 cm); 
b: H. 18 in. (45.7 cm)",The Metropolitan Museum of Art,"New York, United States",https://www.metmuseum.org/art/collection/search/53190,https://images.metmuseum.org/CRDImages/as/original/DP-23915-001.jpg,,玛丽·格里格斯·伯克收藏，玛丽和杰克逊·伯克基金会的礼物，2015年,"2015.300.257a, b",2026-05-27,镰仓时期（1185-1333）,图,金,日本,0.9,Japan,,,mid-13th century,Asian Art,,,,,,https://images.metmuseum.org/CRDImages/as/web-large/DP-23915-001.jpg,2015,True,True,False,Guardian Lion-Dogs,Kamakura period (1185–1333),Figures,"Japanese cypress with lacquer, gold leaf, and color",,Japan,"Mary Griggs Burke Collection, Gift of the Mary and Jackson Burke Foundation, 2015",Kamakura period (1185-1333),Figure,Gold,Metropolitan Museum of Art,Song dynasty (c. 1185),图,金
192770,瑞典圣布里奇特接受她的命令,,缓解,大理石,,"Overall (confirmed): 16 3/4 × 25 1/8 × 2 3/4 in., 57 lb. (42.5 × 63.8 × 7 cm, 25.9 kg)",The Metropolitan Museum of Art,"New York, United States",https://www.metmuseum.org/art/collection/search/192770,https://images.metmuseum.org/CRDImages/es/original/DP224276.jpg,,约翰·斯图尔特·肯尼迪基金会，1914年,14.45,2026-05-27,未知,缓解,大理石,意大利语,0.8,,,,1459,European Sculpture and Decorative Arts,,,Agostino d'Antonio di Duccio,"Italian, Florence, 1418–1498","Italian, Florence",https://images.metmuseum.org/CRDImages/es/web-large/DP224276.jpg,1914,True,True,False,Saint Bridget of Sweden Receiving the Rule of Her Order,,Relief,Marble,,Italian,"John Stewart Kennedy Fund, 1914",Unknown,Relief,Marble,Metropolitan Museum of Art,未知,缓解,大理石
53222,麝香猫,室町时期（1392-1573）,挂轴,悬挂卷轴；纸本水墨设色,,"Image: 29 15/16 × 18 5/16 in. (76 × 46.5 cm)
Overall with mounting: 66 1/8 × 24 1/8 in. (168 × 61.3 cm)
Overall with knobs: 66 1/8 × 25 7/8 in. (168 × 65.8 cm)",The Metropolitan Museum of Art,"New York, United States",https://www.metmuseum.org/art/collection/search/53222,https://images.metmuseum.org/CRDImages/as/original/DP361166.jpg,,玛丽·格里格斯·伯克收藏，玛丽和杰克逊·伯克基金会的礼物，2015年,2015.300.66,2026-05-27,室町时期（1336-1573）,挂轴,悬挂卷轴；纸本水墨设色,日本,0.9,Japan,,,mid- to late 16th century,Asian Art,,,Uto Gyoshi,"Japanese, active second half of 16th century",Japanese,https://images.metmuseum.org/CRDImages/as/web-large/DP361166.jpg,2015,True,True,False,Musk Cat,Muromachi period (1392–1573),Hanging scroll,Hanging scroll; ink and color on paper,,Japan,"Mary Griggs Burke Collection, Gift of the Mary and Jackson Burke Foundation, 2015",Muromachi period (1336-1573),Hanging scroll,Hanging scroll; ink and color on paper,Metropolitan Museum of Art,Yuan dynasty (c. 1336),挂轴,水墨
438821,圣母玛利亚（圣母万岁）,,绘画,布面油画,,44 3/4 x 34 1/2 in. (113.7 x 87.6 cm),The Metropolitan Museum of Art,"New York, United States",https://www.metmuseum.org/art/collection/search/438821,https://images.metmuseum.org/CRDImages/ep/original/DT1025.jpg,,Sam A.Lewisohn的遗赠，1951年,51.112.2,2026-05-27,未知,绘画,布面油画,法语,0.8,,,,1891,European Paintings,,,Paul Gauguin,"French, Paris 1848–1903 Atuona, Hiva Oa, Marquesas Islands",French,https://images.metmuseum.org/CRDImages/ep/web-large/DT1025.jpg,1951,True,True,False,Ia Orana Maria (Hail Mary),,Painting,Oil on canvas,,French,"Bequest of Sam A. Lewisohn, 1951",Unknown,Painting,Oil on canvas,Metropolitan Museum of Art,未知,绘画,油
203842,立式货架（一对中的一个）,,立式货架,漆画松木、桃花心木和英国胡桃木,,Overall: 59 × 23 × 10 1/2 in. (149.9 × 58.4 × 26.7 cm),The Metropolitan Museum of Art,"New York, United States",https://www.metmuseum.org/art/collection/search/203842,https://images.metmuseum.org/CRDImages/es/original/DP105780.jpg,,Irwin Untermyer的礼物，1964年,64.101.1124,2026-05-27,未知,立式货架,漆画松木、桃花心木和英国胡桃木,未知,0.8,,,,ca. 1753–54,European Sculpture and Decorative Arts,,,William Linnell,ca. 1703–1763,,https://images.metmuseum.org/CRDImages/es/web-large/DP105780.jpg,1964,True,True,False,Standing shelf (one of a pair),,Standing shelf,"Lacquered and painted pine, mahogany and British walnut",,Unknown,"Gift of Irwin Untermyer, 1964",Unknown,Standing shelf,"Lacquered and painted pine, mahogany and British walnut",Metropolitan Museum of Art,未知,立式货架,
437261,圣杰罗姆的忏悔,,绘画，三联画,木头上的油,,"Shaped top: central panel, overall, with engaged frame, 46 1/4 x 32 in. (117.5 x 81.3 cm); each wing, overall, with engaged frame, 47 1/2 x 14 in. (120.7 x 35.6 cm)",The Metropolitan Museum of Art,"New York, United States",https://www.metmuseum.org/art/collection/search/437261,https://images.metmuseum.org/CRDImages/ep/original/DT5549.jpg,,弗莱彻基金会，1936年,36.14a–c,2026-05-27,未知,绘画,木头上的油,未知,0.8,,,,ca. 1515,European Paintings,,,Joachim Patinir,"Netherlandish, Dinant or Bouvignes, active by 1515–died 1524 Antwerp",Netherlandish,https://images.metmuseum.org/CRDImages/ep/web-large/DT5549.jpg,1936,True,True,False,The Penitence of Saint Jerome,,"Painting, triptych",Oil on wood,,Unknown,"Fletcher Fund, 1936",Unknown,Painting,Oil on wood,Metropolitan Museum of Art,未知,绘画,木头
460281,会幕多联画与圣母、圣子及基督生平场景,,会幕息肉,象牙色，有原始镀金和多色的痕迹；银色铰链。,,"H. 9.7 cm, w. 13.1 cm (with open wings).",The Metropolitan Museum of Art,"New York, United States",https://www.metmuseum.org/art/collection/search/460281,https://images.metmuseum.org/CRDImages/rl/original/SLP1553-1.jpg,,罗伯特·雷曼收藏，1975年,1975.1.1553,2026-05-27,未知,会幕息肉,银,法国北部（？）,0.8,Northern France (?),,,ca. 1275–1300,Robert Lehman Collection,,,,,,https://images.metmuseum.org/CRDImages/rl/web-large/SLP1553-1.jpg,1975,True,True,False,Tabernacle Polyptych with the Madonna and Child and Scenes from the Life of Christ,,Tabernacle polyptych,Ivory with traces of original gilding and polychromy; silver hinges.,,Northern France (?),"Robert Lehman Collection, 1975",Unknown,Tabernacle polyptych,Silver,Metropolitan Museum of Art,未知,会幕息肉,银
194191,带有天文表盘和日晷的钟表,,钟表,表壳：镀金黄铜；表盘：镀金黄铜、银和铜；机芯：镀金黄铜、部分蓝钢和银色,,Overall: 3 1/2 × 2 7/16 × 2 5/16 in. (8.9 × 6.2 × 5.9 cm); Width of back plate: 2 1/8 in. (5.4 cm),The Metropolitan Museum of Art,"New York, United States",https://www.metmuseum.org/art/collection/search/194191,https://images.metmuseum.org/CRDImages/es/original/DP340434.jpg,,J.皮尔庞特·摩根的礼物，1917年,17.190.1603,2026-05-27,未知,钟表,铜,未知,0.8,,,,ca. 1605–10,European Sculpture and Decorative Arts,,,Jan Jansen Bockeltz,"Dutch, active ca. 1590, died 1626",Dutch,https://images.metmuseum.org/CRDImages/es/web-large/DP340434.jpg,1917,True,True,False,Clock watch with astronomical dial and sundial,,Clock watch,"Case: gilded brass; Dial: gilded brass, silver, and copper; Movement: gilded brass, partly blued steel, and silver",,Unknown,"Gift of J. Pierpont Morgan, 1917",Unknown,Clock watch,Copper,Metropolitan Museum of Art,未知,钟表,铜
38006,印度僧侣阿提沙的肖像,,唐卡,布上的犬瘟热和金色,,"Image: H. 19 1/2 in. (49.5 cm); W. 15/16 in. (35.4 cm)
Framed: H. 32 13/16 (83.3 cm); W. 21 11/16 in. (55.1 cm); D. 1 in. (2.5 cm)",The Metropolitan Museum of Art,"New York, United States",https://www.metmuseum.org/art/collection/search/38006,https://images.metmuseum.org/CRDImages/as/original/DP-42256-001.jpg,,史蒂文·科萨克的礼物，克罗诺斯收藏，1993年,1993.479,2026-05-27,未知,唐卡,金,Tibet,0.8,Tibet,,,early to mid-12th century,Asian Art,,,,,,https://images.metmuseum.org/CRDImages/as/web-large/DP-42256-001.jpg,1993,True,True,False,Portrait of the Indian Monk Atisha,,Thangka,Distemper and gold on cloth,,Tibet,"Gift of Steven Kossak, The Kronos Collections, 1993",Unknown,Thangka,Gold,Metropolitan Museum of Art,未知,唐卡,金
452102,大马士革房间,,时期房间,木材（杨木），石膏浮雕，金箔和锡箔，釉料和油漆；木材（柏树、白杨和桑树）、珍珠母、大理石和其他石头、玻璃灰泥、石膏瓷砖、铁、黄铜,,"Overall:
           H. 264 7/16 in. (671.6 cm)
           W. 200 1/2 in. (509.2 cm)
           D. 316 5/8 in. (804.2 cm)
From inside front entrance to back wall:
           H. 316 5/8 in. (804.2 cm)
Fountain:
           H. 4 15/16 in. (12.5 cm)",The Metropolitan Museum of Art,"New York, United States",https://www.metmuseum.org/art/collection/search/452102,https://images.metmuseum.org/CRDImages/is/original/DP240367.jpg,,哈戈普·凯沃基安基金会的礼物，1970年,1970.170,2026-05-27,未知,时期房间,陶瓷,未知,0.8,,,,dated 1119 AH/1707 CE,Islamic Art,Syria,,,,,https://images.metmuseum.org/CRDImages/is/web-large/DP240367.jpg,1970,True,True,False,Damascus Room,,Period room,"Wood (poplar) with gesso relief, gold and tin leaf, glazes and paint; wood (cypress, poplar, and mulberry), mother-of-pearl, marble and other stones, stucco with glass, plaster ceramic tiles, iron, brass",,Unknown,"Gift of The Hagop Kevorkian Fund, 1970",Unknown,Period room,Ceramic,Metropolitan Museum of Art,未知,时期房间,陶瓷
49068,雪中的竹子,江户时代（1615-1868）,悬挂卷轴,一对悬挂的卷轴；丝绸上的墨水,,"Image (each): 47 1/2 in. × 20 in. (120.7 × 50.8 cm)
Overall with mounting (each): 73 3/8 × 25 3/8 in. (186.4 × 64.5 cm)
Overall with knobs (each): 73 3/8 × 27 5/8 in. (186.4 × 70.2 cm)",The Metropolitan Museum of Art,"New York, United States",https://www.metmuseum.org/art/collection/search/49068,https://images.metmuseum.org/CRDImages/as/original/DP276881.jpg,,哈里·G·C·帕卡德亚洲艺术收藏、哈里·G、C·帕加的礼物和购买、弗莱彻、罗杰斯、哈里斯·布里斯班·迪克和路易斯·V·贝尔基金、约瑟夫·普利策·贝奎斯特和安纳伯格基金股份有限公司礼物，1975年,"1975.268.80a, b",2026-05-27,江户时代（1603-1868）,挂轴,丝绸,日本,0.9,Japan,,,1774,Asian Art,,,Dapeng Zhengkun (Taihō Shōkon),"Chinese, 1691–1774",Chinese,https://images.metmuseum.org/CRDImages/as/web-large/DP276881.jpg,1975,True,True,False,Bamboo in Snow,Edo period (1615–1868),Hanging scrolls,Pair of hanging scrolls; ink on silk,,Japan,"The Harry G. C. Packard Collection of Asian Art, Gift of Harry G. C. Packard, and Purchase, Fletcher, Rogers, Harris Brisbane Dick, and Louis V. Bell Funds, Joseph Pulitzer Bequest, and The Annenberg Fund Inc. Gift, 1975",Edo period (1603-1868),Hanging scroll,Silk,Metropolitan Museum of Art,Ming dynasty (c. 1603),挂轴,丝绸
207157,侏儒（一对中的一个）,,图,彩釉装饰的锡釉软陶,,Overall (confirmed): 4 5/8 × 2 13/16 × 2 5/8 in. (11.7 × 7.1 × 6.7 cm),The Metropolitan Museum of Art,"New York, United States",https://www.metmuseum.org/art/collection/search/207157,https://images.metmuseum.org/CRDImages/es/original/DP223292.jpg,,杰克和贝莉·林斯基收藏，1982年,1982.60.275,2026-05-27,未知,图,瓷,法语,0.8,,,,ca. 1740–45,European Sculpture and Decorative Arts,,,Villeroy,"French, 1734/37–1748",French,https://images.metmuseum.org/CRDImages/es/web-large/DP223292.jpg,1982,True,True,False,Dwarf (one of a pair),,Figure,Tin-glazed soft-paste porcelain decorated in polychrome enamels,,French,"The Jack and Belle Linsky Collection, 1982",Unknown,Figure,Porcelain,Metropolitan Museum of Art,未知,图,瓷
237451,侏儒（一对中的一个）,,图,彩釉装饰的锡釉软陶,,Overall (confirmed): 4 5/8 x 2 1/8 x 2 15/16 in. (11.7 x 5.4 x 7.5 cm),The Metropolitan Museum of Art,"New York, United States",https://www.metmuseum.org/art/collection/search/237451,https://images.metmuseum.org/CRDImages/es/original/DP223292.jpg,,杰克和贝莉·林斯基收藏，1982年,1982.60.276,2026-05-27,未知,图,瓷,法语,0.8,,,,ca. 1740–45,European Sculpture and Decorative Arts,,,Villeroy,"French, 1734/37–1748",French,https://images.metmuseum.org/CRDImages/es/web-large/DP223292.jpg,1982,True,True,False,Dwarf (one of a pair),,Figure,Tin-glazed soft-paste porcelain decorated in polychrome enamels,,French,"The Jack and Belle Linsky Collection, 1982",Unknown,Figure,Porcelain,Metropolitan Museum of Art,未知,图,瓷
