object_id,title,period,type,material,description,dimensions,museum,location,detail_url,image_url,image_path,credit_line,accession_number,crawl_date,standardized_period,standardized_type,standardized_material,culture,data_quality_score,_culture,_dynasty,_reign,_object_date,_department,_country,_region,_artist,_artist_bio,_artist_nationality,_image_small,_accession_year,_is_public_domain,_image_valid,is_duplicate
911874,Story of the Western Chamber,"Qing dynasty (1644–1911), Qianlong period (1736–95)",Print,HaHanging scroll; woodblock print; two shades of ink on paper with additional hand coloring,,"Image: 40 3/4 × 21 3/4 in. (103.5 × 55.2 cm)
Overall with mounting: 70 1/2 × 25 3/4 in. (179.1 × 65.4 cm)
Overall with knobs: 70 1/2 × 27 1/2 in. (179.1 × 69.9 cm)",The Metropolitan Museum of Art,"New York, United States",https://www.metmuseum.org/art/collection/search/911874,https://images.metmuseum.org/CRDImages/as/original/DP-40658-002.jpg,,"Purchase, C.C. Wang Family Fund Gift, 2025",2025.385,2026-05-27,Qing dynasty (1644-1912),Print,Ink on paper,China,0.9,China,,,,Asian Art,,,,,,https://images.metmuseum.org/CRDImages/as/web-large/DP-40658-002.jpg,2025,True,True,False
61658,Bodhisattva Avalokiteshvara (Guanyin),Yuan dynasty (1271–1368),Figure,Wood (wiillow) with traces of pigment; single woodblock construction,,"a) Guanyin: 39 1/4 in. (99.7 cm)
b) Inscribed block: H. 6 1/2 in. (16.5 cm); W. 2 1/4 in. (5.7 cm); D. 1 in. (2.5 cm)",The Metropolitan Museum of Art,"New York, United States",https://www.metmuseum.org/art/collection/search/61658,https://images.metmuseum.org/CRDImages/as/original/DP223478.jpg,,"Purchase, Joseph Pulitzer Bequest, 1934","34.15.1a, b",2026-05-27,Yuan dynasty (1271-1368),Figure,Wood,China,0.9,China,,,dated 1282,Asian Art,,,,,,https://images.metmuseum.org/CRDImages/as/web-large/DP223478.jpg,1934,True,True,False
448663,Bowl,,Bowl,Stonepaste; painted in blue and black under transparent glaze,,"H. 2 15/16 in. (7.5 cm)
Diam. 5 7/8 in. (14.9 cm)",The Metropolitan Museum of Art,"New York, United States",https://www.metmuseum.org/art/collection/search/448663,https://images.metmuseum.org/CRDImages/is/original/DP120820.jpg,,"Purchase,  V. Everit Macy Gift, 1932",32.33,2026-05-27,Unknown,Bowl,Stone,Unknown,0.8,,,,15th century,Islamic Art,Iran or Central Asia,,,,,https://images.metmuseum.org/CRDImages/is/web-large/DP120820.jpg,1932,True,True,False
764091,Our Lady of Valvanera,,Painting,Oil and gold on canvas,,80 1/16 × 95 7/8 in. (203.4 × 243.5 cm),The Metropolitan Museum of Art,"New York, United States",https://www.metmuseum.org/art/collection/search/764091,https://images.metmuseum.org/CRDImages/ad/original/DP-17034-002.jpg,,"Gift of James Kung Wei Li, in memory of Ambassador and Mme Ti-Tsun Li, Republic of China, 2018",2018.652.3,2026-05-27,Unknown,Painting,Gold,Peru (Cuzco),0.8,Peru (Cuzco),,,ca. 1770–80,The American Wing,,,Unknown,,,https://images.metmuseum.org/CRDImages/ad/web-large/DP-17034-002.jpg,2018,True,True,False
551786,"Book of the Dead of the Priest of Horus, Imhotep (Imuthes)",Early Ptolemaic Period,"Papyrus, funerary, Book of the Dead, Imouthes, Imhotep, Imuthes","Papyrus, ink",,Approximate measurements (framed): L. 21.9 m (71 ft. 10 3/16 in); H. 35 cm (1 ft. 1 3/4 in.). Length previously estimated at 63 ft. (19.2 m).,The Metropolitan Museum of Art,"New York, United States",https://www.metmuseum.org/art/collection/search/551786,https://images.metmuseum.org/CRDImages/eg/original/2-35.9.20a–w_EGDP014589-4594.jpg,,"Gift of  Edward S. Harkness, 1935",35.9.20a–w,2026-05-27,Early Ptolemaic Period,"Papyrus, funerary, Book of the Dead, Imouthes, Imhotep, Imuthes","Papyrus, ink",Unknown,0.9,,,,ca. 332–200 B.C.,Egyptian Art,,Middle Egypt,,,,https://images.metmuseum.org/CRDImages/eg/web-large/2-35.9.20a–w_EGDP014589-4594.jpg,1935,True,True,False
729644,"In proof of true love, a watercarrier skeleton arguing with a woman (Posada); two skeleton angels in upper corners (Manilla)",,Print,Type-metal engraving and letterpress,,Sheet: 15 3/4 × 11 13/16 in. (40 × 30 cm),The Metropolitan Museum of Art,"New York, United States",https://www.metmuseum.org/art/collection/search/729644,https://images.metmuseum.org/CRDImages/dp/original/DP865112.jpg,,"The Elisha Whittelsey Collection, The Elisha Whittelsey Fund, 1946",46.46.311,2026-05-27,Unknown,Print,Type-metal engraving and letterpress,Unknown,0.8,,,,ca. 1890–96,Drawings and Prints,,,José Guadalupe Posada,"Mexican, Aguascalientes 1852–1913 Mexico City",Mexican,https://images.metmuseum.org/CRDImages/dp/web-large/DP865112.jpg,1946,True,True,False
472562,The Fieschi Morgan Staurotheke,,Reliquary,"Gilded silver, gold, enamel worked in cloisonné, and niello",,"Overall (with lid): 1 1/16 x 4 1/16 x 2 13/16 in. (2.7 x 10.3 x 7.1 cm)
lid only: 2 13/16 x 3 7/8 x 1/8 in. (7.1 x 9.8 x 0.3 cm)
vessel only: 7/8 x 2 15/16 x 4 in. (2.2 x 7.5 x 10.1 cm)",The Metropolitan Museum of Art,"New York, United States",https://www.metmuseum.org/art/collection/search/472562,https://images.metmuseum.org/CRDImages/md/original/DT119.jpg,,"Gift of J. Pierpont Morgan, 1917","17.190.715a, b",2026-05-27,Unknown,Reliquary,Silver,Byzantine,0.8,Byzantine,,,early 9th century,Medieval Art,,,,,,https://images.metmuseum.org/CRDImages/md/web-large/DT119.jpg,1917,True,True,False
900001,Chinese Memory,,Time-Based Media; Video; Installation; Sculpture,"Single-channel video, color, silent, 21 min., 12 sec.; vintage television cabinet with permanent oil marker, glass, acrylic, record cover, scroll, antennae, and books",,2024.302a-p: 81 × 55 × 44 in. (205.7 × 139.7 × 111.8 cm),The Metropolitan Museum of Art,"New York, United States",https://www.metmuseum.org/art/collection/search/900001,,,"Purchase, Charles M. Kim and Jean Su Maeng Kim, and Lila Acheson Wallace Gifts, 2024",2024.302a–p,2026-05-27,Unknown,Sculpture,Glass,American,0.6000000000000001,,,,2005,Modern and Contemporary Art,,,Nam June Paik,"American (born Korea), Seoul 1932–2006 Miami, Florida","American, born Korea",,2024,False,False,False
503651,Pipa (琵琶 ),Ming dynasty (1368-1644),Pipa,"Wood, ivory, bone, silk",,"L. 37 × W. 9 15/16 × D. 1 1/8 in. (94 × 25.3 × 2.9 cm)
see measurements drawing",The Metropolitan Museum of Art,"New York, United States",https://www.metmuseum.org/art/collection/search/503651,https://images.metmuseum.org/CRDImages/mi/original/DP319739.jpg,,"Bequest of Mary Stillman Harkness, 1950",50.145.74,2026-05-27,Ming dynasty (1368-1644),Pipa,Ivory,Chinese,0.9,Chinese,,,late 16th–early 17th century,Musical Instruments,China,,,,,https://images.metmuseum.org/CRDImages/mi/web-large/DP319739.jpg,1950,True,True,False
42188,Seated luohan (arhat) in a grotto,Qing dynasty (1644–1911),Figure,Jade (nephrite),,H. 7 11/16 in. (19.5 cm); W. 6 3/4 in. (17.2 cm); D. 2 11/16 in. (6.8 cm),The Metropolitan Museum of Art,"New York, United States",https://www.metmuseum.org/art/collection/search/42188,https://images.metmuseum.org/CRDImages/as/original/DP-14153-052.jpg,,"Gift of Heber R. Bishop, 1902",02.18.640,2026-05-27,Qing dynasty (1644-1912),Figure,Nephrite,China,0.9,China,,,18th century,Asian Art,,,,,,https://images.metmuseum.org/CRDImages/as/web-large/DP-14153-052.jpg,1902,True,True,False
207247,Shoulao,,Figure,Tin-glazed soft-paste porcelain decorataed in polychrome enamels,,Overall (confirmed): 10 1/4 x 8 5/8 x 4 1/2 in. (26 x 21.9 x 11.4 cm),The Metropolitan Museum of Art,"New York, United States",https://www.metmuseum.org/art/collection/search/207247,https://images.metmuseum.org/CRDImages/es/original/DP156648.jpg,,"The Jack and Belle Linsky Collection, 1982",1982.60.371,2026-05-27,Unknown,Figure,Porcelain,French,0.8,,,,ca. 1735–40,European Sculpture and Decorative Arts,,,Chantilly,French,French,https://images.metmuseum.org/CRDImages/es/web-large/DP156648.jpg,1982,True,True,False
78191,Buddha Shakyamuni,,Figure,Brass with colored pigments,,H. 15 1/2 in. (39.4 cm); W. 10 7/16 in. (26.5 cm); D. 8 5/8 in. (21.9 cm),The Metropolitan Museum of Art,"New York, United States",https://www.metmuseum.org/art/collection/search/78191,https://images.metmuseum.org/CRDImages/as/original/DP-15581-015.jpg,,"Zimmerman Family Collection, Purchase, Lila Acheson Wallace, Oscar L. Tang, Anthony W. and Lulu C. Wang and Annette de la Renta Gifts, 2012",2012.458,2026-05-27,Unknown,Figure,Brass,Central Tibet,0.8,Central Tibet,,,12th century,Asian Art,,,,,,https://images.metmuseum.org/CRDImages/as/web-large/DP-15581-015.jpg,2012,True,True,False
329077,Head of a ruler,Early Bronze Age,Sculpture,Copper alloy,,13 9/16 × 8 3/8 × 9 3/16 in. (34.4 × 21.3 × 23.3 cm),The Metropolitan Museum of Art,"New York, United States",https://www.metmuseum.org/art/collection/search/329077,https://images.metmuseum.org/CRDImages/an/original/DP-23662-001.jpg,,"Rogers Fund, 1947",47.100.80,2026-05-27,Bronze Age,Sculpture,Copper,Unknown,0.9,,,,ca. 2300–2000 BCE,Ancient West Asian Art,,Mesopotamia,,,,https://images.metmuseum.org/CRDImages/an/web-large/DP-23662-001.jpg,1947,True,True,False
42733,Buddha Maitreya (Mile),Northern Wei dynasty (386–534),Figure,Gilt bronze with traces of pigment; piece-mold cast,,H. 55 1/4 in. (140.3 cm); W. 24 1/2 in. (62.2 cm); D. 19 1/4 in. (48.9 cm),The Metropolitan Museum of Art,"New York, United States",https://www.metmuseum.org/art/collection/search/42733,https://images.metmuseum.org/CRDImages/as/original/DP170102.jpg,,"John Stewart Kennedy Fund, 1926",26.123,2026-05-27,Northern Wei dynasty (386-534),Figure,Bronze,China,0.9,China,,,dated 486 (10th year of Taihe reign),Asian Art,,,,,,https://images.metmuseum.org/CRDImages/as/web-large/DP170102.jpg,1926,True,True,False
53660,Ten Verses on Oxherding,Kamakura period (1185–1333),Handscroll,Handscroll; ink and color on paper,,Image: 12 1/4 in. × 20 ft. 6 in. (31.1 × 624.8 cm),The Metropolitan Museum of Art,"New York, United States",https://www.metmuseum.org/art/collection/search/53660,https://images.metmuseum.org/CRDImages/as/original/2015_300_10_Burke_website.jpg,,"Mary Griggs Burke Collection, Gift of the Mary and Jackson Burke Foundation, 2015",2015.300.10,2026-05-27,Kamakura period (1185-1333),Handscroll,Handscroll; ink and color on paper,Japan,0.9,Japan,,,1278,Asian Art,,,,,,https://images.metmuseum.org/CRDImages/as/web-large/2015_300_10_Burke_website.jpg,2015,True,True,False
310453,Nkishi (community power figure),,Male figure,"Wood, copper, brass, iron, fiber, snakeskin, leather, fur, feathers, mud, resin",,H. 39 × W. 10 1/2 × D. 11 in. (99.1 × 26.7 × 27.9 cm),The Metropolitan Museum of Art,"New York, United States",https://www.metmuseum.org/art/collection/search/310453,,,"Purchase, Mrs. Charles Engelhard and Mary R. Morgan Gifts and Rogers Fund, 1978",1978.409,2026-05-27,Unknown,Figure,Copper,Songye peoples,0.6000000000000001,Songye peoples,,,19th–first half of 20th century,The Michael C. Rockefeller Wing,Democratic Republic of the Congo,Lomami River region,Songye artist and nganga (ritual specialist),,,,1978,False,False,False
437422,Charity,,Painting,Oil on canvas,,54 x 41 3/4 in. (137.2 x 106 cm),The Metropolitan Museum of Art,"New York, United States",https://www.metmuseum.org/art/collection/search/437422,https://images.metmuseum.org/CRDImages/ep/original/DT10776.jpg,,"Gift of Mr. and Mrs. Charles Wrightsman, 1974",1974.348,2026-05-27,Unknown,Painting,Oil on canvas,Italian,0.8,,,,ca. 1630,European Paintings,,,Guido Reni,"Italian, Bologna 1575–1642 Bologna",Italian,https://images.metmuseum.org/CRDImages/ep/web-large/DT10776.jpg,1974,True,True,False
764095,"Christ Carrying the Cross, called ""The Lord of the Fall""",,Painting,Oil and gold on canvas,,65 × 48 in. (165.1 × 121.9 cm),The Metropolitan Museum of Art,"New York, United States",https://www.metmuseum.org/art/collection/search/764095,https://images.metmuseum.org/CRDImages/ad/original/DP-18755-007.jpg,,"Gift of James Kung Wei Li, in memory of Ambassador and Mme Ti-Tsun Li, Republic of China, 2018",2018.652.5,2026-05-27,Unknown,Painting,Gold,Peru (Cuzco),0.8,Peru (Cuzco),,,ca. 1770–75,The American Wing,,,Unknown,,,https://images.metmuseum.org/CRDImages/ad/web-large/DP-18755-007.jpg,2018,True,True,False
206965,Longcase astronomical regulator,,Longcase astronomical regulator,"Case: oak veneered with ebony and brass, with gilt-bronze mounts; Dial: white enamel; Movement: gilded brass and steel",,Overall: 90 1/2 × 21 × 12 3/4 in. (229.9 × 53.3 × 32.4 cm),The Metropolitan Museum of Art,"New York, United States",https://www.metmuseum.org/art/collection/search/206965,https://images.metmuseum.org/CRDImages/es/original/DP336058.jpg,,"The Jack and Belle Linsky Collection, 1982",1982.60.50,2026-05-27,Unknown,Longcase astronomical regulator,Bronze,French,0.8,,,,ca. 1768–70,European Sculpture and Decorative Arts,,,Ferdinand Berthoud,"French, 1727–1807",French,https://images.metmuseum.org/CRDImages/es/web-large/DP336058.jpg,1982,True,True,False
317877,Processional Cross,,Cross,Brass,,H. 10 1/2 × W. 5 × D. 1 in. (26.7 × 12.7 × 2.5 cm),The Metropolitan Museum of Art,"New York, United States",https://www.metmuseum.org/art/collection/search/317877,https://images.metmuseum.org/CRDImages/ao/original/DP100984.jpg,,"Purchase, Elaine Rosenberg Gift and funds from various donors, 1998",1998.37,2026-05-27,Unknown,Cross,Brass,Northern Highlands region,0.8,Northern Highlands region,,,14th–15th century,The Michael C. Rockefeller Wing,Ethiopia,Lasta region,Northern Highlands artist,,,https://images.metmuseum.org/CRDImages/ao/web-large/DP100984.jpg,1998,True,True,False
459027,"Portrait of a Woman, Possibly a Nun of San Secondo; (verso) Scene in Grisaille",,Painting,Oil on wood; (verso: oil and gold on wood),,"Overall 4 x 2 7/8 in. (10.2 x 7.3 cm); recto and verso, painted surface 3 3/4 x 2 1/2 in. (9.5 x 6.4 cm)",The Metropolitan Museum of Art,"New York, United States",https://www.metmuseum.org/art/collection/search/459027,https://images.metmuseum.org/CRDImages/rl/original/DP221483.jpg,,"Robert Lehman Collection, 1975",1975.1.85,2026-05-27,Unknown,Painting,Oil on wood,Italian,0.8,,,,ca. 1485–95,Robert Lehman Collection,,,Jacometto (Jacometto Veneziano),"Italian, active Venice by ca. 1472–died before 1498",Italian,https://images.metmuseum.org/CRDImages/rl/web-large/DP221483.jpg,1975,True,True,False
459028,Portrait of Alvise Contarini(?); (verso) A Tethered Roebuck,,Painting,Oil on wood; verso: oil and gold on wood,,"Overall 4 5/8 x 3 3/8 in. ; recto, painted surface 4 1/8 x 3 1/8 in.; verso, painted surface 4 3/8 x 3 1/8 in.",The Metropolitan Museum of Art,"New York, United States",https://www.metmuseum.org/art/collection/search/459028,https://images.metmuseum.org/CRDImages/rl/original/DP221485.jpg,,"Robert Lehman Collection, 1975",1975.1.86,2026-05-27,Unknown,Painting,Oil on wood,Italian,0.8,,,,ca. 1485–95,Robert Lehman Collection,,,Jacometto (Jacometto Veneziano),"Italian, active Venice by ca. 1472–died before 1498",Italian,https://images.metmuseum.org/CRDImages/rl/web-large/DP221485.jpg,1975,True,True,False
544320,Stela of the Steward Mentuwoser,Middle Kingdom,"Stela, Mentuwoser","Limestone, paint",,H. 103 cm (40 9/16 in.); W. 50.5 cm (19 7/8 in.); Th. 8.3 cm (3 1/4 in.),The Metropolitan Museum of Art,"New York, United States",https://www.metmuseum.org/art/collection/search/544320,https://images.metmuseum.org/CRDImages/eg/original/DP322064.jpg,,"Gift of Edward S. Harkness, 1912",12.184,2026-05-27,Middle Kingdom,Stela,Limestone,Unknown,0.9,,Dynasty 12,"reign of Senwosret I, year 17",ca. 1944 B.C.,Egyptian Art,,Northern Upper Egypt,,,,https://images.metmuseum.org/CRDImages/eg/web-large/DP322064.jpg,1912,True,True,False
53162,Tobatsu Bishamonten,Heian period (794–1185),Figure,Zelkova wood with traces of color,,H. 49 1/4 in. (125.1 cm),The Metropolitan Museum of Art,"New York, United States",https://www.metmuseum.org/art/collection/search/53162,https://images.metmuseum.org/CRDImages/as/original/DP-27915-006.jpg,,"Mary Griggs Burke Collection, Gift of the Mary and Jackson Burke Foundation, 2015","2015.300.253a, b",2026-05-27,Heian period (794–1185),Figure,Wood,Japan,0.9,Japan,,,late 10th–early 11th century,Asian Art,,,,,,https://images.metmuseum.org/CRDImages/as/web-large/DP-27915-006.jpg,2015,True,True,False
200668,Sabine Houdon (1787–1836),,Bust,White marble on gray marble socle,,"Overall, without base (confirmed): H. 10 3/4 x W. 8 7/8 x D. 5 7/8 in., 20lb. (27.3 x 22.5 x 14.9 cm, 9.0719kg); Height with base (confirmed): 13 1/2 in. (34.3 cm)",The Metropolitan Museum of Art,"New York, United States",https://www.metmuseum.org/art/collection/search/200668,https://images.metmuseum.org/CRDImages/es/original/DP242660.jpg,,"Bequest of Mary Stillman Harkness, 1950",50.145.66,2026-05-27,Unknown,Bust,Marble,French,0.8,,,,1788,European Sculpture and Decorative Arts,,,Jean Antoine Houdon,"French, Versailles 1741–1828 Paris",French,https://images.metmuseum.org/CRDImages/es/web-large/DP242660.jpg,1950,True,True,False
544740,Yuny and His Wife Renenutet,"New Kingdom, Ramesside","Statue, Yuny, Renenutet, pair, menat, music","Limestone, paint",,H. 84.5 × W. 54.5 × D. 73 cm (33 1/4 × 21 7/16 × 28 3/4 in.),The Metropolitan Museum of Art,"New York, United States",https://www.metmuseum.org/art/collection/search/544740,https://images.metmuseum.org/CRDImages/eg/original/DT549.jpg,,"Rogers Fund, 1915",15.2.1,2026-05-27,"New Kingdom, Ramesside","Statue, Yuny, Renenutet, pair, menat, music",Limestone,Unknown,0.9,,Dynasty 19,reign of Seti I,ca. 1294–1279 B.C.,Egyptian Art,Egypt,Middle Egypt,,,,https://images.metmuseum.org/CRDImages/eg/web-large/DT549.jpg,1915,True,True,False
39901,Night-Shining White,Tang dynasty (618–907),Handscroll,Handscroll; ink on paper,,"Image: 12 1/8 x 13 3/8 in. (30.8 x 34 cm)
Overall with mounting: 14 in. x 37 ft. 5 1/8 in. (35.4 cm x 11.4 m)",The Metropolitan Museum of Art,"New York, United States",https://www.metmuseum.org/art/collection/search/39901,https://images.metmuseum.org/CRDImages/as/original/DP153705.jpg,,"Purchase, The Dillon Fund Gift, 1977",1977.78,2026-05-27,Tang dynasty (618-907),Handscroll,Ink on paper,China,0.9,China,,,ca. 750,Asian Art,,,Han Gan,"Chinese, active ca. 742–756",Chinese,https://images.metmuseum.org/CRDImages/as/web-large/DP153705.jpg,1977,True,True,False
53176,"Fudō Myōō, the Immovable Wisdom King (Achala Vidyaraja)",Kamakura period (1185–1333),Figure,"Japanese cypress with lacquer, color, gold, cut gold leaf (kirikane), and inlaid crystal eyes",,H. 21 in. (53.3 cm);  W. 16 3/4 in. (42.5 cm); D. 15 in. (38.1 cm),The Metropolitan Museum of Art,"New York, United States",https://www.metmuseum.org/art/collection/search/53176,https://images.metmuseum.org/CRDImages/as/original/DP-22243-001.jpg,,"Mary Griggs Burke Collection, Gift of the Mary and Jackson Burke Foundation, 2015","2015.300.252a, b",2026-05-27,Kamakura period (1185-1333),Figure,Gold,Japan,0.9,Japan,,,early 13th century,Asian Art,,,Kaikei,"Japanese, active 1183–1223",Japanese,https://images.metmuseum.org/CRDImages/as/web-large/DP-22243-001.jpg,2015,True,True,False
435848,The Birth of the Virgin,,Painting,Tempera and oil on wood,,57 x 37 7/8 in. (144.8 x 96.2 cm),The Metropolitan Museum of Art,"New York, United States",https://www.metmuseum.org/art/collection/search/435848,https://images.metmuseum.org/CRDImages/ep/original/DP109484.jpg,,"Rogers and Gwynne Andrews Funds, 1935",35.121,2026-05-27,Unknown,Painting,Oil on wood,Italian,0.8,,,,1467,European Paintings,,,Fra Carnevale (Bartolomeo di Giovanni Corradini),"Italian, born by 1416–died 1484 Urbino",Italian,https://images.metmuseum.org/CRDImages/ep/web-large/DP109484.jpg,1935,True,True,False
42515,Chicken cup,"Ming dynasty (1368–1644), Chenghua mark and period (1465–87)",Cup,Porcelain painted in underglaze cobalt blue and overglaze colored enamel (Jingdezhen ware),,H. 1 5/8 in. (4.1 cm); Diam. of rim 3 1/4 in. (8.3 cm); Diam. of foot 1 1/2 in. (3.8 cm),The Metropolitan Museum of Art,"New York, United States",https://www.metmuseum.org/art/collection/search/42515,https://images.metmuseum.org/CRDImages/as/original/1987_85_2015AT_001.jpg,,"Purchase, Mrs. Richard E. Linburn Gift, 1987",1987.85,2026-05-27,Ming dynasty (1368-1644),Cup,Porcelain,China,0.9,China,,,,Asian Art,,,,,,https://images.metmuseum.org/CRDImages/as/web-large/1987_85_2015AT_001.jpg,1987,True,True,False
205883,Guanyin,,Figure,Red stoneware with gilding,,Overall (confirmed): 14 3/4 × 4 × 4 1/8 in. (37.5 × 10.2 × 10.5 cm),The Metropolitan Museum of Art,"New York, United States",https://www.metmuseum.org/art/collection/search/205883,https://images.metmuseum.org/CRDImages/es/original/DP352550.jpg,,"The Lesley and Emma Sheafer Collection, Bequest of Emma A. Sheafer, 1973",1974.356.319,2026-05-27,Unknown,Figure,Stoneware,German,0.8,,,,1710–13,European Sculpture and Decorative Arts,,,Meissen Manufactory,"German, 1710–present",German,https://images.metmuseum.org/CRDImages/es/web-large/DP352550.jpg,1974,True,True,False
816189,"”Abiding nowhere, the awakened mind arises”",Kamakura (1185–1333) or Nanbokuchō (1336–92) period,Hanging scroll,Hanging scroll; ink on paper,,"Image: 39 1/16 × 22 5/8 in. (99.2 × 57.4 cm)
Overall with mounting: 71 1/4 × 24 in. (181 × 61 cm)
Overall with knobs: 71 1/4 × 25 13/16 in. (181 × 65.6 cm)",The Metropolitan Museum of Art,"New York, United States",https://www.metmuseum.org/art/collection/search/816189,https://images.metmuseum.org/CRDImages/as/original/DP-17101-002.jpg,,"Mary and Cheney Cowles Collection, Gift of Mary and Cheney Cowles, 2018",2018.853.2,2026-05-27,Kamakura period (1185-1333),Hanging scroll,Ink on paper,Japan,0.9,Japan,,,early to mid-14th century,Asian Art,,,Musō Soseki,"Japanese, 1275–1351",Japanese,https://images.metmuseum.org/CRDImages/as/web-large/DP-17101-002.jpg,2018,True,True,False
776714,Vegetable #3,,Hanging scroll format mounted to board,Ink on paper,,"70 7/8 × 38 5/8 in. (180 × 98.1 cm)
with wooden board: 8 ft. 6 1/2 in. × 39 7/8 in. × 2 5/8 in. (260.4 × 101.3 × 6.7 cm)",The Metropolitan Museum of Art,"New York, United States",https://www.metmuseum.org/art/collection/search/776714,,,"Purchase, Funds from various donors, by exchange, 2018",2018.513,2026-05-27,Unknown,Hanging scroll,Ink on paper,China,0.6000000000000001,China,,,2015,Asian Art,,,Li Jin,"Chinese, born 1958",Chinese,,2018,False,False,False
824771,Marie Antoinette in a Park,,Drawing,"Black chalk, stumped, and white chalk; framing lines in black chalk",,Sheet: 23 3/16 × 15 7/8 in. (58.9 × 40.4 cm),The Metropolitan Museum of Art,"New York, United States",https://www.metmuseum.org/art/collection/search/824771,https://images.metmuseum.org/CRDImages/dp/original/DP-18368-001.jpg,,"Bequest of Mrs. Charles Wrightsman, 2019",2019.138.4,2026-05-27,Unknown,Drawing,"Black chalk, stumped, and white chalk; framing lines in black chalk",French,0.8,,,,ca. 1780–81,Drawings and Prints,,,Elisabeth Louise Vigée Le Brun,"French, Paris 1755–1842 Paris",French,https://images.metmuseum.org/CRDImages/dp/web-large/DP-18368-001.jpg,2019,True,True,False
436102,Virgin and Child with Four Angels,,Painting,Oil on wood,,24 7/8 x 15 3/8 in. (63.2 x 39.1 cm),The Metropolitan Museum of Art,"New York, United States",https://www.metmuseum.org/art/collection/search/436102,https://images.metmuseum.org/CRDImages/ep/original/DP-1410-001.jpg,,"Gift of Mr. and Mrs. Charles Wrightsman, 1977",1977.1.1,2026-05-27,Unknown,Painting,Oil on wood,Unknown,0.8,,,,ca. 1510–15,European Paintings,,,Gerard David,"Netherlandish, Oudewater ca. 1455–1523 Bruges",Netherlandish,https://images.metmuseum.org/CRDImages/ep/web-large/DP-1410-001.jpg,1977,True,True,False
707476,Apostle plate with inscription of Saint Phillip,,Plate,"Porcelain, with polychrome enamel",,Overall (confirmed): 1 × 8 7/8 × 8 7/8 in. (2.5 × 22.5 × 22.5 cm),The Metropolitan Museum of Art,"New York, United States",https://www.metmuseum.org/art/collection/search/707476,https://images.metmuseum.org/CRDImages/es/original/DP-14531-019.jpg,,"Gift of Luísa Vinhais and Jorge Welsh, in honor of Mr. and Mrs. Renato de Albuquerque, 2016",2016.73,2026-05-27,Unknown,Plate,Porcelain,Unknown,0.8,,,,ca. 1740,European Sculpture and Decorative Arts,,,,,,https://images.metmuseum.org/CRDImages/es/web-large/DP-14531-019.jpg,2016,True,True,False
53190,Guardian Lion-Dogs,Kamakura period (1185–1333),Figures,"Japanese cypress with lacquer, gold leaf, and color",,"a: H. 16 3/4 in. (42.5 cm); 
b: H. 18 in. (45.7 cm)",The Metropolitan Museum of Art,"New York, United States",https://www.metmuseum.org/art/collection/search/53190,https://images.metmuseum.org/CRDImages/as/original/DP-23915-001.jpg,,"Mary Griggs Burke Collection, Gift of the Mary and Jackson Burke Foundation, 2015","2015.300.257a, b",2026-05-27,Kamakura period (1185-1333),Figure,Gold,Japan,0.9,Japan,,,mid-13th century,Asian Art,,,,,,https://images.metmuseum.org/CRDImages/as/web-large/DP-23915-001.jpg,2015,True,True,False
192770,Saint Bridget of Sweden Receiving the Rule of Her Order,,Relief,Marble,,"Overall (confirmed): 16 3/4 × 25 1/8 × 2 3/4 in., 57 lb. (42.5 × 63.8 × 7 cm, 25.9 kg)",The Metropolitan Museum of Art,"New York, United States",https://www.metmuseum.org/art/collection/search/192770,https://images.metmuseum.org/CRDImages/es/original/DP224276.jpg,,"John Stewart Kennedy Fund, 1914",14.45,2026-05-27,Unknown,Relief,Marble,Italian,0.8,,,,1459,European Sculpture and Decorative Arts,,,Agostino d'Antonio di Duccio,"Italian, Florence, 1418–1498","Italian, Florence",https://images.metmuseum.org/CRDImages/es/web-large/DP224276.jpg,1914,True,True,False
53222,Musk Cat,Muromachi period (1392–1573),Hanging scroll,Hanging scroll; ink and color on paper,,"Image: 29 15/16 × 18 5/16 in. (76 × 46.5 cm)
Overall with mounting: 66 1/8 × 24 1/8 in. (168 × 61.3 cm)
Overall with knobs: 66 1/8 × 25 7/8 in. (168 × 65.8 cm)",The Metropolitan Museum of Art,"New York, United States",https://www.metmuseum.org/art/collection/search/53222,https://images.metmuseum.org/CRDImages/as/original/DP361166.jpg,,"Mary Griggs Burke Collection, Gift of the Mary and Jackson Burke Foundation, 2015",2015.300.66,2026-05-27,Muromachi period (1336-1573),Hanging scroll,Hanging scroll; ink and color on paper,Japan,0.9,Japan,,,mid- to late 16th century,Asian Art,,,Uto Gyoshi,"Japanese, active second half of 16th century",Japanese,https://images.metmuseum.org/CRDImages/as/web-large/DP361166.jpg,2015,True,True,False
438821,Ia Orana Maria (Hail Mary),,Painting,Oil on canvas,,44 3/4 x 34 1/2 in. (113.7 x 87.6 cm),The Metropolitan Museum of Art,"New York, United States",https://www.metmuseum.org/art/collection/search/438821,https://images.metmuseum.org/CRDImages/ep/original/DT1025.jpg,,"Bequest of Sam A. Lewisohn, 1951",51.112.2,2026-05-27,Unknown,Painting,Oil on canvas,French,0.8,,,,1891,European Paintings,,,Paul Gauguin,"French, Paris 1848–1903 Atuona, Hiva Oa, Marquesas Islands",French,https://images.metmuseum.org/CRDImages/ep/web-large/DT1025.jpg,1951,True,True,False
203842,Standing shelf (one of a pair),,Standing shelf,"Lacquered and painted pine, mahogany and British walnut",,Overall: 59 × 23 × 10 1/2 in. (149.9 × 58.4 × 26.7 cm),The Metropolitan Museum of Art,"New York, United States",https://www.metmuseum.org/art/collection/search/203842,https://images.metmuseum.org/CRDImages/es/original/DP105780.jpg,,"Gift of Irwin Untermyer, 1964",64.101.1124,2026-05-27,Unknown,Standing shelf,"Lacquered and painted pine, mahogany and British walnut",Unknown,0.8,,,,ca. 1753–54,European Sculpture and Decorative Arts,,,William Linnell,ca. 1703–1763,,https://images.metmuseum.org/CRDImages/es/web-large/DP105780.jpg,1964,True,True,False
437261,The Penitence of Saint Jerome,,"Painting, triptych",Oil on wood,,"Shaped top: central panel, overall, with engaged frame, 46 1/4 x 32 in. (117.5 x 81.3 cm); each wing, overall, with engaged frame, 47 1/2 x 14 in. (120.7 x 35.6 cm)",The Metropolitan Museum of Art,"New York, United States",https://www.metmuseum.org/art/collection/search/437261,https://images.metmuseum.org/CRDImages/ep/original/DT5549.jpg,,"Fletcher Fund, 1936",36.14a–c,2026-05-27,Unknown,Painting,Oil on wood,Unknown,0.8,,,,ca. 1515,European Paintings,,,Joachim Patinir,"Netherlandish, Dinant or Bouvignes, active by 1515–died 1524 Antwerp",Netherlandish,https://images.metmuseum.org/CRDImages/ep/web-large/DT5549.jpg,1936,True,True,False
460281,Tabernacle Polyptych with the Madonna and Child and Scenes from the Life of Christ,,Tabernacle polyptych,Ivory with traces of original gilding and polychromy; silver hinges.,,"H. 9.7 cm, w. 13.1 cm (with open wings).",The Metropolitan Museum of Art,"New York, United States",https://www.metmuseum.org/art/collection/search/460281,https://images.metmuseum.org/CRDImages/rl/original/SLP1553-1.jpg,,"Robert Lehman Collection, 1975",1975.1.1553,2026-05-27,Unknown,Tabernacle polyptych,Silver,Northern France (?),0.8,Northern France (?),,,ca. 1275–1300,Robert Lehman Collection,,,,,,https://images.metmuseum.org/CRDImages/rl/web-large/SLP1553-1.jpg,1975,True,True,False
194191,Clock watch with astronomical dial and sundial,,Clock watch,"Case: gilded brass; Dial: gilded brass, silver, and copper; Movement: gilded brass, partly blued steel, and silver",,Overall: 3 1/2 × 2 7/16 × 2 5/16 in. (8.9 × 6.2 × 5.9 cm); Width of back plate: 2 1/8 in. (5.4 cm),The Metropolitan Museum of Art,"New York, United States",https://www.metmuseum.org/art/collection/search/194191,https://images.metmuseum.org/CRDImages/es/original/DP340434.jpg,,"Gift of J. Pierpont Morgan, 1917",17.190.1603,2026-05-27,Unknown,Clock watch,Copper,Unknown,0.8,,,,ca. 1605–10,European Sculpture and Decorative Arts,,,Jan Jansen Bockeltz,"Dutch, active ca. 1590, died 1626",Dutch,https://images.metmuseum.org/CRDImages/es/web-large/DP340434.jpg,1917,True,True,False
38006,Portrait of the Indian Monk Atisha,,Thangka,Distemper and gold on cloth,,"Image: H. 19 1/2 in. (49.5 cm); W. 15/16 in. (35.4 cm)
Framed: H. 32 13/16 (83.3 cm); W. 21 11/16 in. (55.1 cm); D. 1 in. (2.5 cm)",The Metropolitan Museum of Art,"New York, United States",https://www.metmuseum.org/art/collection/search/38006,https://images.metmuseum.org/CRDImages/as/original/DP-42256-001.jpg,,"Gift of Steven Kossak, The Kronos Collections, 1993",1993.479,2026-05-27,Unknown,Thangka,Gold,Tibet,0.8,Tibet,,,early to mid-12th century,Asian Art,,,,,,https://images.metmuseum.org/CRDImages/as/web-large/DP-42256-001.jpg,1993,True,True,False
452102,Damascus Room,,Period room,"Wood (poplar) with gesso relief, gold and tin leaf, glazes and paint; wood (cypress, poplar, and mulberry), mother-of-pearl, marble and other stones, stucco with glass, plaster ceramic tiles, iron, brass",,"Overall:
           H. 264 7/16 in. (671.6 cm)
           W. 200 1/2 in. (509.2 cm)
           D. 316 5/8 in. (804.2 cm)
From inside front entrance to back wall:
           H. 316 5/8 in. (804.2 cm)
Fountain:
           H. 4 15/16 in. (12.5 cm)",The Metropolitan Museum of Art,"New York, United States",https://www.metmuseum.org/art/collection/search/452102,https://images.metmuseum.org/CRDImages/is/original/DP240367.jpg,,"Gift of The Hagop Kevorkian Fund, 1970",1970.170,2026-05-27,Unknown,Period room,Ceramic,Unknown,0.8,,,,dated 1119 AH/1707 CE,Islamic Art,Syria,,,,,https://images.metmuseum.org/CRDImages/is/web-large/DP240367.jpg,1970,True,True,False
49068,Bamboo in Snow,Edo period (1615–1868),Hanging scrolls,Pair of hanging scrolls; ink on silk,,"Image (each): 47 1/2 in. × 20 in. (120.7 × 50.8 cm)
Overall with mounting (each): 73 3/8 × 25 3/8 in. (186.4 × 64.5 cm)
Overall with knobs (each): 73 3/8 × 27 5/8 in. (186.4 × 70.2 cm)",The Metropolitan Museum of Art,"New York, United States",https://www.metmuseum.org/art/collection/search/49068,https://images.metmuseum.org/CRDImages/as/original/DP276881.jpg,,"The Harry G. C. Packard Collection of Asian Art, Gift of Harry G. C. Packard, and Purchase, Fletcher, Rogers, Harris Brisbane Dick, and Louis V. Bell Funds, Joseph Pulitzer Bequest, and The Annenberg Fund Inc. Gift, 1975","1975.268.80a, b",2026-05-27,Edo period (1603-1868),Hanging scroll,Silk,Japan,0.9,Japan,,,1774,Asian Art,,,Dapeng Zhengkun (Taihō Shōkon),"Chinese, 1691–1774",Chinese,https://images.metmuseum.org/CRDImages/as/web-large/DP276881.jpg,1975,True,True,False
207157,Dwarf (one of a pair),,Figure,Tin-glazed soft-paste porcelain decorated in polychrome enamels,,Overall (confirmed): 4 5/8 × 2 13/16 × 2 5/8 in. (11.7 × 7.1 × 6.7 cm),The Metropolitan Museum of Art,"New York, United States",https://www.metmuseum.org/art/collection/search/207157,https://images.metmuseum.org/CRDImages/es/original/DP223292.jpg,,"The Jack and Belle Linsky Collection, 1982",1982.60.275,2026-05-27,Unknown,Figure,Porcelain,French,0.8,,,,ca. 1740–45,European Sculpture and Decorative Arts,,,Villeroy,"French, 1734/37–1748",French,https://images.metmuseum.org/CRDImages/es/web-large/DP223292.jpg,1982,True,True,False
237451,Dwarf (one of a pair),,Figure,Tin-glazed soft-paste porcelain decorated in polychrome enamels,,Overall (confirmed): 4 5/8 x 2 1/8 x 2 15/16 in. (11.7 x 5.4 x 7.5 cm),The Metropolitan Museum of Art,"New York, United States",https://www.metmuseum.org/art/collection/search/237451,https://images.metmuseum.org/CRDImages/es/original/DP223292.jpg,,"The Jack and Belle Linsky Collection, 1982",1982.60.276,2026-05-27,Unknown,Figure,Porcelain,French,0.8,,,,ca. 1740–45,European Sculpture and Decorative Arts,,,Villeroy,"French, 1734/37–1748",French,https://images.metmuseum.org/CRDImages/es/web-large/DP223292.jpg,1982,True,True,False
