title,object_name,culture,period,dynasty,reign,object_date,medium,classification,department,dimensions,credit_line,country,region,artist,artist_bio,artist_nationality,image_url,image_small,object_url,accession_number,accession_year,is_public_domain,source,image_valid,image_local
Story of the Western Chamber,Print,China,"Qing dynasty (1644–1911), Qianlong period (1736–95)",,,,HaHanging scroll; woodblock print; two shades of ink on paper with additional hand coloring,Prints,Asian Art,"Image: 40 3/4 × 21 3/4 in. (103.5 × 55.2 cm)
Overall with mounting: 70 1/2 × 25 3/4 in. (179.1 × 65.4 cm)
Overall with knobs: 70 1/2 × 27 1/2 in. (179.1 × 69.9 cm)","Purchase, C.C. Wang Family Fund Gift, 2025",,,,,,https://images.metmuseum.org/CRDImages/as/original/DP-40658-002.jpg,https://images.metmuseum.org/CRDImages/as/web-large/DP-40658-002.jpg,https://www.metmuseum.org/art/collection/search/911874,2025.385,2025,True,met_museum,True,
Bodhisattva Avalokiteshvara (Guanyin),Figure,China,Yuan dynasty (1271–1368),,,dated 1282,Wood (wiillow) with traces of pigment; single woodblock construction,Sculpture,Asian Art,"a) Guanyin: 39 1/4 in. (99.7 cm)
b) Inscribed block: H. 6 1/2 in. (16.5 cm); W. 2 1/4 in. (5.7 cm); D. 1 in. (2.5 cm)","Purchase, Joseph Pulitzer Bequest, 1934",,,,,,https://images.metmuseum.org/CRDImages/as/original/DP223478.jpg,https://images.metmuseum.org/CRDImages/as/web-large/DP223478.jpg,https://www.metmuseum.org/art/collection/search/61658,"34.15.1a, b",1934,True,met_museum,True,
Bowl,Bowl,,,,,15th century,Stonepaste; painted in blue and black under transparent glaze,Ceramics,Islamic Art,"H. 2 15/16 in. (7.5 cm)
Diam. 5 7/8 in. (14.9 cm)","Purchase,  V. Everit Macy Gift, 1932",Iran or Central Asia,,,,,https://images.metmuseum.org/CRDImages/is/original/DP120820.jpg,https://images.metmuseum.org/CRDImages/is/web-large/DP120820.jpg,https://www.metmuseum.org/art/collection/search/448663,32.33,1932,True,met_museum,True,
Our Lady of Valvanera,Painting,Peru (Cuzco),,,,ca. 1770–80,Oil and gold on canvas,,The American Wing,80 1/16 × 95 7/8 in. (203.4 × 243.5 cm),"Gift of James Kung Wei Li, in memory of Ambassador and Mme Ti-Tsun Li, Republic of China, 2018",,,Unknown,,,https://images.metmuseum.org/CRDImages/ad/original/DP-17034-002.jpg,https://images.metmuseum.org/CRDImages/ad/web-large/DP-17034-002.jpg,https://www.metmuseum.org/art/collection/search/764091,2018.652.3,2018,True,met_museum,True,
"Book of the Dead of the Priest of Horus, Imhotep (Imuthes)","Papyrus, funerary, Book of the Dead, Imouthes, Imhotep, Imuthes",,Early Ptolemaic Period,,,ca. 332–200 B.C.,"Papyrus, ink",,Egyptian Art,Approximate measurements (framed): L. 21.9 m (71 ft. 10 3/16 in); H. 35 cm (1 ft. 1 3/4 in.). Length previously estimated at 63 ft. (19.2 m).,"Gift of  Edward S. Harkness, 1935",,Middle Egypt,,,,https://images.metmuseum.org/CRDImages/eg/original/2-35.9.20a–w_EGDP014589-4594.jpg,https://images.metmuseum.org/CRDImages/eg/web-large/2-35.9.20a–w_EGDP014589-4594.jpg,https://www.metmuseum.org/art/collection/search/551786,35.9.20a–w,1935,True,met_museum,True,
"In proof of true love, a watercarrier skeleton arguing with a woman (Posada); two skeleton angels in upper corners (Manilla)",Print,,,,,ca. 1890–96,Type-metal engraving and letterpress,Prints,Drawings and Prints,Sheet: 15 3/4 × 11 13/16 in. (40 × 30 cm),"The Elisha Whittelsey Collection, The Elisha Whittelsey Fund, 1946",,,José Guadalupe Posada,"Mexican, Aguascalientes 1852–1913 Mexico City",Mexican,https://images.metmuseum.org/CRDImages/dp/original/DP865112.jpg,https://images.metmuseum.org/CRDImages/dp/web-large/DP865112.jpg,https://www.metmuseum.org/art/collection/search/729644,46.46.311,1946,True,met_museum,True,
The Fieschi Morgan Staurotheke,Reliquary,Byzantine,,,,early 9th century,"Gilded silver, gold, enamel worked in cloisonné, and niello",Enamels-Cloisonné,Medieval Art,"Overall (with lid): 1 1/16 x 4 1/16 x 2 13/16 in. (2.7 x 10.3 x 7.1 cm)
lid only: 2 13/16 x 3 7/8 x 1/8 in. (7.1 x 9.8 x 0.3 cm)
vessel only: 7/8 x 2 15/16 x 4 in. (2.2 x 7.5 x 10.1 cm)","Gift of J. Pierpont Morgan, 1917",,,,,,https://images.metmuseum.org/CRDImages/md/original/DT119.jpg,https://images.metmuseum.org/CRDImages/md/web-large/DT119.jpg,https://www.metmuseum.org/art/collection/search/472562,"17.190.715a, b",1917,True,met_museum,True,
Chinese Memory,Time-Based Media; Video; Installation; Sculpture,,,,,2005,"Single-channel video, color, silent, 21 min., 12 sec.; vintage television cabinet with permanent oil marker, glass, acrylic, record cover, scroll, antennae, and books",Variable Media,Modern and Contemporary Art,2024.302a-p: 81 × 55 × 44 in. (205.7 × 139.7 × 111.8 cm),"Purchase, Charles M. Kim and Jean Su Maeng Kim, and Lila Acheson Wallace Gifts, 2024",,,Nam June Paik,"American (born Korea), Seoul 1932–2006 Miami, Florida","American, born Korea",,,https://www.metmuseum.org/art/collection/search/900001,2024.302a–p,2024,False,met_museum,False,
Pipa (琵琶 ),Pipa,Chinese,Ming dynasty (1368-1644),,,late 16th–early 17th century,"Wood, ivory, bone, silk",Chordophone-Lute-plucked-fretted,Musical Instruments,"L. 37 × W. 9 15/16 × D. 1 1/8 in. (94 × 25.3 × 2.9 cm)
see measurements drawing","Bequest of Mary Stillman Harkness, 1950",China,,,,,https://images.metmuseum.org/CRDImages/mi/original/DP319739.jpg,https://images.metmuseum.org/CRDImages/mi/web-large/DP319739.jpg,https://www.metmuseum.org/art/collection/search/503651,50.145.74,1950,True,met_museum,True,
Seated luohan (arhat) in a grotto,Figure,China,Qing dynasty (1644–1911),,,18th century,Jade (nephrite),Jade,Asian Art,H. 7 11/16 in. (19.5 cm); W. 6 3/4 in. (17.2 cm); D. 2 11/16 in. (6.8 cm),"Gift of Heber R. Bishop, 1902",,,,,,https://images.metmuseum.org/CRDImages/as/original/DP-14153-052.jpg,https://images.metmuseum.org/CRDImages/as/web-large/DP-14153-052.jpg,https://www.metmuseum.org/art/collection/search/42188,02.18.640,1902,True,met_museum,True,
Shoulao,Figure,,,,,ca. 1735–40,Tin-glazed soft-paste porcelain decorataed in polychrome enamels,Ceramics-Porcelain,European Sculpture and Decorative Arts,Overall (confirmed): 10 1/4 x 8 5/8 x 4 1/2 in. (26 x 21.9 x 11.4 cm),"The Jack and Belle Linsky Collection, 1982",,,Chantilly,French,French,https://images.metmuseum.org/CRDImages/es/original/DP156648.jpg,https://images.metmuseum.org/CRDImages/es/web-large/DP156648.jpg,https://www.metmuseum.org/art/collection/search/207247,1982.60.371,1982,True,met_museum,True,
Buddha Shakyamuni,Figure,Central Tibet,,,,12th century,Brass with colored pigments,Sculpture,Asian Art,H. 15 1/2 in. (39.4 cm); W. 10 7/16 in. (26.5 cm); D. 8 5/8 in. (21.9 cm),"Zimmerman Family Collection, Purchase, Lila Acheson Wallace, Oscar L. Tang, Anthony W. and Lulu C. Wang and Annette de la Renta Gifts, 2012",,,,,,https://images.metmuseum.org/CRDImages/as/original/DP-15581-015.jpg,https://images.metmuseum.org/CRDImages/as/web-large/DP-15581-015.jpg,https://www.metmuseum.org/art/collection/search/78191,2012.458,2012,True,met_museum,True,
Head of a ruler,Sculpture,,Early Bronze Age,,,ca. 2300–2000 BCE,Copper alloy,,Ancient West Asian Art,13 9/16 × 8 3/8 × 9 3/16 in. (34.4 × 21.3 × 23.3 cm),"Rogers Fund, 1947",,Mesopotamia,,,,https://images.metmuseum.org/CRDImages/an/original/DP-23662-001.jpg,https://images.metmuseum.org/CRDImages/an/web-large/DP-23662-001.jpg,https://www.metmuseum.org/art/collection/search/329077,47.100.80,1947,True,met_museum,True,
Buddha Maitreya (Mile),Figure,China,Northern Wei dynasty (386–534),,,dated 486 (10th year of Taihe reign),Gilt bronze with traces of pigment; piece-mold cast,Sculpture,Asian Art,H. 55 1/4 in. (140.3 cm); W. 24 1/2 in. (62.2 cm); D. 19 1/4 in. (48.9 cm),"John Stewart Kennedy Fund, 1926",,,,,,https://images.metmuseum.org/CRDImages/as/original/DP170102.jpg,https://images.metmuseum.org/CRDImages/as/web-large/DP170102.jpg,https://www.metmuseum.org/art/collection/search/42733,26.123,1926,True,met_museum,True,
Ten Verses on Oxherding,Handscroll,Japan,Kamakura period (1185–1333),,,1278,Handscroll; ink and color on paper,Paintings,Asian Art,Image: 12 1/4 in. × 20 ft. 6 in. (31.1 × 624.8 cm),"Mary Griggs Burke Collection, Gift of the Mary and Jackson Burke Foundation, 2015",,,,,,https://images.metmuseum.org/CRDImages/as/original/2015_300_10_Burke_website.jpg,https://images.metmuseum.org/CRDImages/as/web-large/2015_300_10_Burke_website.jpg,https://www.metmuseum.org/art/collection/search/53660,2015.300.10,2015,True,met_museum,True,
Nkishi (community power figure),Male figure,Songye peoples,,,,19th–first half of 20th century,"Wood, copper, brass, iron, fiber, snakeskin, leather, fur, feathers, mud, resin",Wood-Sculpture,The Michael C. Rockefeller Wing,H. 39 × W. 10 1/2 × D. 11 in. (99.1 × 26.7 × 27.9 cm),"Purchase, Mrs. Charles Engelhard and Mary R. Morgan Gifts and Rogers Fund, 1978",Democratic Republic of the Congo,Lomami River region,Songye artist and nganga (ritual specialist),,,,,https://www.metmuseum.org/art/collection/search/310453,1978.409,1978,False,met_museum,False,
Charity,Painting,,,,,ca. 1630,Oil on canvas,Paintings,European Paintings,54 x 41 3/4 in. (137.2 x 106 cm),"Gift of Mr. and Mrs. Charles Wrightsman, 1974",,,Guido Reni,"Italian, Bologna 1575–1642 Bologna",Italian,https://images.metmuseum.org/CRDImages/ep/original/DT10776.jpg,https://images.metmuseum.org/CRDImages/ep/web-large/DT10776.jpg,https://www.metmuseum.org/art/collection/search/437422,1974.348,1974,True,met_museum,True,
"Christ Carrying the Cross, called ""The Lord of the Fall""",Painting,Peru (Cuzco),,,,ca. 1770–75,Oil and gold on canvas,,The American Wing,65 × 48 in. (165.1 × 121.9 cm),"Gift of James Kung Wei Li, in memory of Ambassador and Mme Ti-Tsun Li, Republic of China, 2018",,,Unknown,,,https://images.metmuseum.org/CRDImages/ad/original/DP-18755-007.jpg,https://images.metmuseum.org/CRDImages/ad/web-large/DP-18755-007.jpg,https://www.metmuseum.org/art/collection/search/764095,2018.652.5,2018,True,met_museum,True,
Longcase astronomical regulator,Longcase astronomical regulator,,,,,ca. 1768–70,"Case: oak veneered with ebony and brass, with gilt-bronze mounts; Dial: white enamel; Movement: gilded brass and steel",Horology,European Sculpture and Decorative Arts,Overall: 90 1/2 × 21 × 12 3/4 in. (229.9 × 53.3 × 32.4 cm),"The Jack and Belle Linsky Collection, 1982",,,Ferdinand Berthoud,"French, 1727–1807",French,https://images.metmuseum.org/CRDImages/es/original/DP336058.jpg,https://images.metmuseum.org/CRDImages/es/web-large/DP336058.jpg,https://www.metmuseum.org/art/collection/search/206965,1982.60.50,1982,True,met_museum,True,
Processional Cross,Cross,Northern Highlands region,,,,14th–15th century,Brass,Metal-Sculpture,The Michael C. Rockefeller Wing,H. 10 1/2 × W. 5 × D. 1 in. (26.7 × 12.7 × 2.5 cm),"Purchase, Elaine Rosenberg Gift and funds from various donors, 1998",Ethiopia,Lasta region,Northern Highlands artist,,,https://images.metmuseum.org/CRDImages/ao/original/DP100984.jpg,https://images.metmuseum.org/CRDImages/ao/web-large/DP100984.jpg,https://www.metmuseum.org/art/collection/search/317877,1998.37,1998,True,met_museum,True,
"Portrait of a Woman, Possibly a Nun of San Secondo; (verso) Scene in Grisaille",Painting,,,,,ca. 1485–95,Oil on wood; (verso: oil and gold on wood),Paintings,Robert Lehman Collection,"Overall 4 x 2 7/8 in. (10.2 x 7.3 cm); recto and verso, painted surface 3 3/4 x 2 1/2 in. (9.5 x 6.4 cm)","Robert Lehman Collection, 1975",,,Jacometto (Jacometto Veneziano),"Italian, active Venice by ca. 1472–died before 1498",Italian,https://images.metmuseum.org/CRDImages/rl/original/DP221483.jpg,https://images.metmuseum.org/CRDImages/rl/web-large/DP221483.jpg,https://www.metmuseum.org/art/collection/search/459027,1975.1.85,1975,True,met_museum,True,
Portrait of Alvise Contarini(?); (verso) A Tethered Roebuck,Painting,,,,,ca. 1485–95,Oil on wood; verso: oil and gold on wood,Paintings,Robert Lehman Collection,"Overall 4 5/8 x 3 3/8 in. ; recto, painted surface 4 1/8 x 3 1/8 in.; verso, painted surface 4 3/8 x 3 1/8 in.","Robert Lehman Collection, 1975",,,Jacometto (Jacometto Veneziano),"Italian, active Venice by ca. 1472–died before 1498",Italian,https://images.metmuseum.org/CRDImages/rl/original/DP221485.jpg,https://images.metmuseum.org/CRDImages/rl/web-large/DP221485.jpg,https://www.metmuseum.org/art/collection/search/459028,1975.1.86,1975,True,met_museum,True,
Stela of the Steward Mentuwoser,"Stela, Mentuwoser",,Middle Kingdom,Dynasty 12,"reign of Senwosret I, year 17",ca. 1944 B.C.,"Limestone, paint",,Egyptian Art,H. 103 cm (40 9/16 in.); W. 50.5 cm (19 7/8 in.); Th. 8.3 cm (3 1/4 in.),"Gift of Edward S. Harkness, 1912",,Northern Upper Egypt,,,,https://images.metmuseum.org/CRDImages/eg/original/DP322064.jpg,https://images.metmuseum.org/CRDImages/eg/web-large/DP322064.jpg,https://www.metmuseum.org/art/collection/search/544320,12.184,1912,True,met_museum,True,
Tobatsu Bishamonten,Figure,Japan,Heian period (794–1185),,,late 10th–early 11th century,Zelkova wood with traces of color,Sculpture,Asian Art,H. 49 1/4 in. (125.1 cm),"Mary Griggs Burke Collection, Gift of the Mary and Jackson Burke Foundation, 2015",,,,,,https://images.metmuseum.org/CRDImages/as/original/DP-27915-006.jpg,https://images.metmuseum.org/CRDImages/as/web-large/DP-27915-006.jpg,https://www.metmuseum.org/art/collection/search/53162,"2015.300.253a, b",2015,True,met_museum,True,
Sabine Houdon (1787–1836),Bust,,,,,1788,White marble on gray marble socle,Sculpture,European Sculpture and Decorative Arts,"Overall, without base (confirmed): H. 10 3/4 x W. 8 7/8 x D. 5 7/8 in., 20lb. (27.3 x 22.5 x 14.9 cm, 9.0719kg); Height with base (confirmed): 13 1/2 in. (34.3 cm)","Bequest of Mary Stillman Harkness, 1950",,,Jean Antoine Houdon,"French, Versailles 1741–1828 Paris",French,https://images.metmuseum.org/CRDImages/es/original/DP242660.jpg,https://images.metmuseum.org/CRDImages/es/web-large/DP242660.jpg,https://www.metmuseum.org/art/collection/search/200668,50.145.66,1950,True,met_museum,True,
Yuny and His Wife Renenutet,"Statue, Yuny, Renenutet, pair, menat, music",,"New Kingdom, Ramesside",Dynasty 19,reign of Seti I,ca. 1294–1279 B.C.,"Limestone, paint",,Egyptian Art,H. 84.5 × W. 54.5 × D. 73 cm (33 1/4 × 21 7/16 × 28 3/4 in.),"Rogers Fund, 1915",Egypt,Middle Egypt,,,,https://images.metmuseum.org/CRDImages/eg/original/DT549.jpg,https://images.metmuseum.org/CRDImages/eg/web-large/DT549.jpg,https://www.metmuseum.org/art/collection/search/544740,15.2.1,1915,True,met_museum,True,
Night-Shining White,Handscroll,China,Tang dynasty (618–907),,,ca. 750,Handscroll; ink on paper,Paintings,Asian Art,"Image: 12 1/8 x 13 3/8 in. (30.8 x 34 cm)
Overall with mounting: 14 in. x 37 ft. 5 1/8 in. (35.4 cm x 11.4 m)","Purchase, The Dillon Fund Gift, 1977",,,Han Gan,"Chinese, active ca. 742–756",Chinese,https://images.metmuseum.org/CRDImages/as/original/DP153705.jpg,https://images.metmuseum.org/CRDImages/as/web-large/DP153705.jpg,https://www.metmuseum.org/art/collection/search/39901,1977.78,1977,True,met_museum,True,
"Fudō Myōō, the Immovable Wisdom King (Achala Vidyaraja)",Figure,Japan,Kamakura period (1185–1333),,,early 13th century,"Japanese cypress with lacquer, color, gold, cut gold leaf (kirikane), and inlaid crystal eyes",Sculpture,Asian Art,H. 21 in. (53.3 cm);  W. 16 3/4 in. (42.5 cm); D. 15 in. (38.1 cm),"Mary Griggs Burke Collection, Gift of the Mary and Jackson Burke Foundation, 2015",,,Kaikei,"Japanese, active 1183–1223",Japanese,https://images.metmuseum.org/CRDImages/as/original/DP-22243-001.jpg,https://images.metmuseum.org/CRDImages/as/web-large/DP-22243-001.jpg,https://www.metmuseum.org/art/collection/search/53176,"2015.300.252a, b",2015,True,met_museum,True,
The Birth of the Virgin,Painting,,,,,1467,Tempera and oil on wood,Paintings,European Paintings,57 x 37 7/8 in. (144.8 x 96.2 cm),"Rogers and Gwynne Andrews Funds, 1935",,,Fra Carnevale (Bartolomeo di Giovanni Corradini),"Italian, born by 1416–died 1484 Urbino",Italian,https://images.metmuseum.org/CRDImages/ep/original/DP109484.jpg,https://images.metmuseum.org/CRDImages/ep/web-large/DP109484.jpg,https://www.metmuseum.org/art/collection/search/435848,35.121,1935,True,met_museum,True,
Chicken cup,Cup,China,"Ming dynasty (1368–1644), Chenghua mark and period (1465–87)",,,,Porcelain painted in underglaze cobalt blue and overglaze colored enamel (Jingdezhen ware),Ceramics,Asian Art,H. 1 5/8 in. (4.1 cm); Diam. of rim 3 1/4 in. (8.3 cm); Diam. of foot 1 1/2 in. (3.8 cm),"Purchase, Mrs. Richard E. Linburn Gift, 1987",,,,,,https://images.metmuseum.org/CRDImages/as/original/1987_85_2015AT_001.jpg,https://images.metmuseum.org/CRDImages/as/web-large/1987_85_2015AT_001.jpg,https://www.metmuseum.org/art/collection/search/42515,1987.85,1987,True,met_museum,True,
Guanyin,Figure,,,,,1710–13,Red stoneware with gilding,Ceramics-Pottery,European Sculpture and Decorative Arts,Overall (confirmed): 14 3/4 × 4 × 4 1/8 in. (37.5 × 10.2 × 10.5 cm),"The Lesley and Emma Sheafer Collection, Bequest of Emma A. Sheafer, 1973",,,Meissen Manufactory,"German, 1710–present",German,https://images.metmuseum.org/CRDImages/es/original/DP352550.jpg,https://images.metmuseum.org/CRDImages/es/web-large/DP352550.jpg,https://www.metmuseum.org/art/collection/search/205883,1974.356.319,1974,True,met_museum,True,
"”Abiding nowhere, the awakened mind arises”",Hanging scroll,Japan,Kamakura (1185–1333) or Nanbokuchō (1336–92) period,,,early to mid-14th century,Hanging scroll; ink on paper,Calligraphy,Asian Art,"Image: 39 1/16 × 22 5/8 in. (99.2 × 57.4 cm)
Overall with mounting: 71 1/4 × 24 in. (181 × 61 cm)
Overall with knobs: 71 1/4 × 25 13/16 in. (181 × 65.6 cm)","Mary and Cheney Cowles Collection, Gift of Mary and Cheney Cowles, 2018",,,Musō Soseki,"Japanese, 1275–1351",Japanese,https://images.metmuseum.org/CRDImages/as/original/DP-17101-002.jpg,https://images.metmuseum.org/CRDImages/as/web-large/DP-17101-002.jpg,https://www.metmuseum.org/art/collection/search/816189,2018.853.2,2018,True,met_museum,True,
Vegetable #3,Hanging scroll format mounted to board,China,,,,2015,Ink on paper,Paintings,Asian Art,"70 7/8 × 38 5/8 in. (180 × 98.1 cm)
with wooden board: 8 ft. 6 1/2 in. × 39 7/8 in. × 2 5/8 in. (260.4 × 101.3 × 6.7 cm)","Purchase, Funds from various donors, by exchange, 2018",,,Li Jin,"Chinese, born 1958",Chinese,,,https://www.metmuseum.org/art/collection/search/776714,2018.513,2018,False,met_museum,False,
Marie Antoinette in a Park,Drawing,,,,,ca. 1780–81,"Black chalk, stumped, and white chalk; framing lines in black chalk",Drawings,Drawings and Prints,Sheet: 23 3/16 × 15 7/8 in. (58.9 × 40.4 cm),"Bequest of Mrs. Charles Wrightsman, 2019",,,Elisabeth Louise Vigée Le Brun,"French, Paris 1755–1842 Paris",French,https://images.metmuseum.org/CRDImages/dp/original/DP-18368-001.jpg,https://images.metmuseum.org/CRDImages/dp/web-large/DP-18368-001.jpg,https://www.metmuseum.org/art/collection/search/824771,2019.138.4,2019,True,met_museum,True,
Virgin and Child with Four Angels,Painting,,,,,ca. 1510–15,Oil on wood,Paintings,European Paintings,24 7/8 x 15 3/8 in. (63.2 x 39.1 cm),"Gift of Mr. and Mrs. Charles Wrightsman, 1977",,,Gerard David,"Netherlandish, Oudewater ca. 1455–1523 Bruges",Netherlandish,https://images.metmuseum.org/CRDImages/ep/original/DP-1410-001.jpg,https://images.metmuseum.org/CRDImages/ep/web-large/DP-1410-001.jpg,https://www.metmuseum.org/art/collection/search/436102,1977.1.1,1977,True,met_museum,True,
Apostle plate with inscription of Saint Phillip,Plate,,,,,ca. 1740,"Porcelain, with polychrome enamel",Ceramics-Porcelain-Export,European Sculpture and Decorative Arts,Overall (confirmed): 1 × 8 7/8 × 8 7/8 in. (2.5 × 22.5 × 22.5 cm),"Gift of Luísa Vinhais and Jorge Welsh, in honor of Mr. and Mrs. Renato de Albuquerque, 2016",,,,,,https://images.metmuseum.org/CRDImages/es/original/DP-14531-019.jpg,https://images.metmuseum.org/CRDImages/es/web-large/DP-14531-019.jpg,https://www.metmuseum.org/art/collection/search/707476,2016.73,2016,True,met_museum,True,
Guardian Lion-Dogs,Figures,Japan,Kamakura period (1185–1333),,,mid-13th century,"Japanese cypress with lacquer, gold leaf, and color",Sculpture,Asian Art,"a: H. 16 3/4 in. (42.5 cm); 
b: H. 18 in. (45.7 cm)","Mary Griggs Burke Collection, Gift of the Mary and Jackson Burke Foundation, 2015",,,,,,https://images.metmuseum.org/CRDImages/as/original/DP-23915-001.jpg,https://images.metmuseum.org/CRDImages/as/web-large/DP-23915-001.jpg,https://www.metmuseum.org/art/collection/search/53190,"2015.300.257a, b",2015,True,met_museum,True,
Saint Bridget of Sweden Receiving the Rule of Her Order,Relief,,,,,1459,Marble,Sculpture,European Sculpture and Decorative Arts,"Overall (confirmed): 16 3/4 × 25 1/8 × 2 3/4 in., 57 lb. (42.5 × 63.8 × 7 cm, 25.9 kg)","John Stewart Kennedy Fund, 1914",,,Agostino d'Antonio di Duccio,"Italian, Florence, 1418–1498","Italian, Florence",https://images.metmuseum.org/CRDImages/es/original/DP224276.jpg,https://images.metmuseum.org/CRDImages/es/web-large/DP224276.jpg,https://www.metmuseum.org/art/collection/search/192770,14.45,1914,True,met_museum,True,
Musk Cat,Hanging scroll,Japan,Muromachi period (1392–1573),,,mid- to late 16th century,Hanging scroll; ink and color on paper,Paintings,Asian Art,"Image: 29 15/16 × 18 5/16 in. (76 × 46.5 cm)
Overall with mounting: 66 1/8 × 24 1/8 in. (168 × 61.3 cm)
Overall with knobs: 66 1/8 × 25 7/8 in. (168 × 65.8 cm)","Mary Griggs Burke Collection, Gift of the Mary and Jackson Burke Foundation, 2015",,,Uto Gyoshi,"Japanese, active second half of 16th century",Japanese,https://images.metmuseum.org/CRDImages/as/original/DP361166.jpg,https://images.metmuseum.org/CRDImages/as/web-large/DP361166.jpg,https://www.metmuseum.org/art/collection/search/53222,2015.300.66,2015,True,met_museum,True,
Ia Orana Maria (Hail Mary),Painting,,,,,1891,Oil on canvas,Paintings,European Paintings,44 3/4 x 34 1/2 in. (113.7 x 87.6 cm),"Bequest of Sam A. Lewisohn, 1951",,,Paul Gauguin,"French, Paris 1848–1903 Atuona, Hiva Oa, Marquesas Islands",French,https://images.metmuseum.org/CRDImages/ep/original/DT1025.jpg,https://images.metmuseum.org/CRDImages/ep/web-large/DT1025.jpg,https://www.metmuseum.org/art/collection/search/438821,51.112.2,1951,True,met_museum,True,
Standing shelf (one of a pair),Standing shelf,,,,,ca. 1753–54,"Lacquered and painted pine, mahogany and British walnut",Woodwork-Furniture,European Sculpture and Decorative Arts,Overall: 59 × 23 × 10 1/2 in. (149.9 × 58.4 × 26.7 cm),"Gift of Irwin Untermyer, 1964",,,William Linnell,ca. 1703–1763,,https://images.metmuseum.org/CRDImages/es/original/DP105780.jpg,https://images.metmuseum.org/CRDImages/es/web-large/DP105780.jpg,https://www.metmuseum.org/art/collection/search/203842,64.101.1124,1964,True,met_museum,True,
The Penitence of Saint Jerome,"Painting, triptych",,,,,ca. 1515,Oil on wood,Paintings,European Paintings,"Shaped top: central panel, overall, with engaged frame, 46 1/4 x 32 in. (117.5 x 81.3 cm); each wing, overall, with engaged frame, 47 1/2 x 14 in. (120.7 x 35.6 cm)","Fletcher Fund, 1936",,,Joachim Patinir,"Netherlandish, Dinant or Bouvignes, active by 1515–died 1524 Antwerp",Netherlandish,https://images.metmuseum.org/CRDImages/ep/original/DT5549.jpg,https://images.metmuseum.org/CRDImages/ep/web-large/DT5549.jpg,https://www.metmuseum.org/art/collection/search/437261,36.14a–c,1936,True,met_museum,True,
Tabernacle Polyptych with the Madonna and Child and Scenes from the Life of Christ,Tabernacle polyptych,Northern France (?),,,,ca. 1275–1300,Ivory with traces of original gilding and polychromy; silver hinges.,Ivories,Robert Lehman Collection,"H. 9.7 cm, w. 13.1 cm (with open wings).","Robert Lehman Collection, 1975",,,,,,https://images.metmuseum.org/CRDImages/rl/original/SLP1553-1.jpg,https://images.metmuseum.org/CRDImages/rl/web-large/SLP1553-1.jpg,https://www.metmuseum.org/art/collection/search/460281,1975.1.1553,1975,True,met_museum,True,
Clock watch with astronomical dial and sundial,Clock watch,,,,,ca. 1605–10,"Case: gilded brass; Dial: gilded brass, silver, and copper; Movement: gilded brass, partly blued steel, and silver",Horology,European Sculpture and Decorative Arts,Overall: 3 1/2 × 2 7/16 × 2 5/16 in. (8.9 × 6.2 × 5.9 cm); Width of back plate: 2 1/8 in. (5.4 cm),"Gift of J. Pierpont Morgan, 1917",,,Jan Jansen Bockeltz,"Dutch, active ca. 1590, died 1626",Dutch,https://images.metmuseum.org/CRDImages/es/original/DP340434.jpg,https://images.metmuseum.org/CRDImages/es/web-large/DP340434.jpg,https://www.metmuseum.org/art/collection/search/194191,17.190.1603,1917,True,met_museum,True,
Portrait of the Indian Monk Atisha,Thangka,Tibet,,,,early to mid-12th century,Distemper and gold on cloth,Paintings,Asian Art,"Image: H. 19 1/2 in. (49.5 cm); W. 15/16 in. (35.4 cm)
Framed: H. 32 13/16 (83.3 cm); W. 21 11/16 in. (55.1 cm); D. 1 in. (2.5 cm)","Gift of Steven Kossak, The Kronos Collections, 1993",,,,,,https://images.metmuseum.org/CRDImages/as/original/DP-42256-001.jpg,https://images.metmuseum.org/CRDImages/as/web-large/DP-42256-001.jpg,https://www.metmuseum.org/art/collection/search/38006,1993.479,1993,True,met_museum,True,
Damascus Room,Period room,,,,,dated 1119 AH/1707 CE,"Wood (poplar) with gesso relief, gold and tin leaf, glazes and paint; wood (cypress, poplar, and mulberry), mother-of-pearl, marble and other stones, stucco with glass, plaster ceramic tiles, iron, brass",Wood,Islamic Art,"Overall:
           H. 264 7/16 in. (671.6 cm)
           W. 200 1/2 in. (509.2 cm)
           D. 316 5/8 in. (804.2 cm)
From inside front entrance to back wall:
           H. 316 5/8 in. (804.2 cm)
Fountain:
           H. 4 15/16 in. (12.5 cm)","Gift of The Hagop Kevorkian Fund, 1970",Syria,,,,,https://images.metmuseum.org/CRDImages/is/original/DP240367.jpg,https://images.metmuseum.org/CRDImages/is/web-large/DP240367.jpg,https://www.metmuseum.org/art/collection/search/452102,1970.170,1970,True,met_museum,True,
Bamboo in Snow,Hanging scrolls,Japan,Edo period (1615–1868),,,1774,Pair of hanging scrolls; ink on silk,Paintings,Asian Art,"Image (each): 47 1/2 in. × 20 in. (120.7 × 50.8 cm)
Overall with mounting (each): 73 3/8 × 25 3/8 in. (186.4 × 64.5 cm)
Overall with knobs (each): 73 3/8 × 27 5/8 in. (186.4 × 70.2 cm)","The Harry G. C. Packard Collection of Asian Art, Gift of Harry G. C. Packard, and Purchase, Fletcher, Rogers, Harris Brisbane Dick, and Louis V. Bell Funds, Joseph Pulitzer Bequest, and The Annenberg Fund Inc. Gift, 1975",,,Dapeng Zhengkun (Taihō Shōkon),"Chinese, 1691–1774",Chinese,https://images.metmuseum.org/CRDImages/as/original/DP276881.jpg,https://images.metmuseum.org/CRDImages/as/web-large/DP276881.jpg,https://www.metmuseum.org/art/collection/search/49068,"1975.268.80a, b",1975,True,met_museum,True,
Dwarf (one of a pair),Figure,,,,,ca. 1740–45,Tin-glazed soft-paste porcelain decorated in polychrome enamels,Ceramics-Porcelain,European Sculpture and Decorative Arts,Overall (confirmed): 4 5/8 × 2 13/16 × 2 5/8 in. (11.7 × 7.1 × 6.7 cm),"The Jack and Belle Linsky Collection, 1982",,,Villeroy,"French, 1734/37–1748",French,https://images.metmuseum.org/CRDImages/es/original/DP223292.jpg,https://images.metmuseum.org/CRDImages/es/web-large/DP223292.jpg,https://www.metmuseum.org/art/collection/search/207157,1982.60.275,1982,True,met_museum,True,
Dwarf (one of a pair),Figure,,,,,ca. 1740–45,Tin-glazed soft-paste porcelain decorated in polychrome enamels,Ceramics-Porcelain,European Sculpture and Decorative Arts,Overall (confirmed): 4 5/8 x 2 1/8 x 2 15/16 in. (11.7 x 5.4 x 7.5 cm),"The Jack and Belle Linsky Collection, 1982",,,Villeroy,"French, 1734/37–1748",French,https://images.metmuseum.org/CRDImages/es/original/DP223292.jpg,https://images.metmuseum.org/CRDImages/es/web-large/DP223292.jpg,https://www.metmuseum.org/art/collection/search/237451,1982.60.276,1982,True,met_museum,True,
